Source File	Size	loadResources	load	generateSnapshots	load-configure	scan	loadDepInfo	loadInfo	checkR4R4B	generateNarratives	validate	loadLists	checkConformanceResources	checkConformanceResources2	checkConformanceResources3	generateLogicalMaps	validateExpressions	scanForUsageStats	checkURLsUnique	processProvenanceDetails	translate	generate1	generate2	responsesForQuestionnaire	generateLogicals	makeDependencies	generateExampleZip	generateValidationPack	scanProfilesForR5	scanExamplesForR5
/fsh-generated/resources/ImplementationGuide-de.medizininformatikinitiative.kerndatensatz.testdata.json	428768	-	0	0	1	0	0	0	58	93	0	0	0	0	0	0	0	7	0	0	0	1312	3022	0	0	0	0	51	0	21
fsh-generated/resources/AdverseEvent-mii-exa-test-data-onko-nebenwirkung-1.json	1843	3	0	0	5	0	0	0	0	1139	0	0	0	0	0	0	0	0	0	0	0	56	66	0	0	0	1	0	0	0
fsh-generated/resources/AdverseEvent-mii-exa-test-data-onko-nebenwirkung-2.json	1686	2	0	0	0	0	0	0	0	9	0	0	0	0	0	0	0	0	0	0	0	53	63	0	0	0	0	0	0	0
fsh-generated/resources/AllergyIntolerance-mii-exa-test-data-patient-1-allergie-1.json	2112	1	0	0	0	0	0	0	0	58	0	0	0	0	0	0	0	0	0	0	0	53	25	0	0	0	0	0	0	1
fsh-generated/resources/BodyStructure-mii-exa-test-data-koerperstruktur.json	1172	1	0	0	0	0	0	0	0	7	0	0	0	0	0	0	0	0	0	0	0	50	8	0	0	0	0	0	0	0
fsh-generated/resources/BodyStructure-mii-exa-test-data-patho-body-structure-1.json	632	1	0	0	0	0	0	0	0	7	0	0	0	0	0	0	0	0	0	0	0	33	6	0	0	0	0	0	0	0
fsh-generated/resources/Bundle-mii-exa-test-data-bundle-bildgebung-1.json	66102	11	69	0	0	0	0	0	4	123	0	0	0	0	0	0	0	1	0	0	0	165	281	0	0	0	0	0	0	0
fsh-generated/resources/Bundle-mii-exa-test-data-bundle-biobank-1.json	125962	14	27	0	0	0	0	0	7	170	0	0	0	0	0	0	0	1	0	0	0	306	399	0	0	0	0	0	0	1
fsh-generated/resources/Bundle-mii-exa-test-data-bundle-dokument-1.json	14660	4	8	0	0	0	0	0	1	20	0	0	0	0	0	0	0	0	0	0	0	63	63	0	0	0	0	0	0	0
fsh-generated/resources/Bundle-mii-exa-test-data-bundle-icu-1.json	513462	45	51	0	1	0	0	0	31	504	0	0	0	0	0	0	0	6	0	0	0	1080	1926	0	0	0	0	0	0	3
fsh-generated/resources/Bundle-mii-exa-test-data-bundle-isik-vitalparameter-1.json	202627	19	21	0	0	0	0	0	13	109	0	0	0	0	0	0	0	2	0	0	0	417	397	0	0	0	0	0	0	1
fsh-generated/resources/Bundle-mii-exa-test-data-bundle-kardiologie-1.json	45997	6	10	0	0	0	0	0	3	26	0	0	0	0	0	0	0	1	0	0	0	111	97	0	0	0	0	0	0	0
fsh-generated/resources/Bundle-mii-exa-test-data-bundle-lungenfunktion-1.json	193039	22	17	0	0	0	0	0	12	108	0	0	0	0	0	0	0	2	0	0	0	418	496	0	0	0	0	0	0	1
fsh-generated/resources/Bundle-mii-exa-test-data-bundle-mikrobio-1.json	327643	29	23	0	0	0	0	0	19	152	0	0	0	0	0	0	0	3	0	0	0	573	649	0	0	0	0	0	0	3
fsh-generated/resources/Bundle-mii-exa-test-data-bundle-molgen-1.json	152611	17	22	0	0	0	0	0	15	2965	0	0	0	0	0	0	0	1	0	0	0	302	2352	0	0	0	0	0	0	1
fsh-generated/resources/Bundle-mii-exa-test-data-bundle-mtb-1.json	233582	26	43	0	0	0	0	0	24	757	0	0	0	0	0	0	0	3	0	0	0	473	510	0	0	0	0	0	0	2
fsh-generated/resources/Bundle-mii-exa-test-data-bundle-onkologie-1.json	328972	32	24	0	0	0	0	0	20	422	0	0	0	0	0	0	0	3	0	0	0	670	708	0	0	0	0	0	0	3
fsh-generated/resources/Bundle-mii-exa-test-data-bundle-pat-1.json	168964	21	34	0	1	0	0	0	10	479	0	0	0	0	0	0	0	2	0	0	0	365	388	0	0	0	0	0	0	1
fsh-generated/resources/Bundle-mii-exa-test-data-bundle-pat-10.json	74741	10	6	0	0	0	0	0	4	46	0	0	0	0	0	0	0	0	0	0	0	197	208	0	0	0	0	0	0	0
fsh-generated/resources/Bundle-mii-exa-test-data-bundle-pat-11.json	167906	19	12	0	0	0	0	0	10	159	0	0	0	0	0	0	0	1	0	0	0	471	381	0	0	0	0	0	0	2
fsh-generated/resources/Bundle-mii-exa-test-data-bundle-pat-12.json	178534	21	12	0	0	0	0	0	10	93	0	0	0	0	0	0	0	1	0	0	0	387	468	0	0	0	0	0	0	1
fsh-generated/resources/Bundle-mii-exa-test-data-bundle-pat-13.json	103364	13	7	0	0	0	0	0	6	55	0	0	0	0	0	0	0	0	0	0	0	237	227	0	0	0	0	0	0	0
fsh-generated/resources/Bundle-mii-exa-test-data-bundle-pat-14.json	92675	13	6	0	0	0	0	0	5	48	0	0	0	0	0	0	0	0	0	0	0	227	258	0	1	0	0	0	0	1
fsh-generated/resources/Bundle-mii-exa-test-data-bundle-pat-2.json	92556	13	6	0	0	0	0	0	5	46	0	0	0	0	0	0	0	1	0	0	0	236	265	0	0	0	0	0	0	1
fsh-generated/resources/Bundle-mii-exa-test-data-bundle-pat-3.json	99906	13	6	0	0	0	0	0	7	49	0	0	0	0	0	0	0	0	0	0	0	236	257	0	0	0	0	0	0	0
fsh-generated/resources/Bundle-mii-exa-test-data-bundle-pat-4.json	72602	9	5	0	1	0	0	0	4	35	0	0	0	0	0	0	0	0	0	0	0	186	192	0	0	0	0	0	0	1
fsh-generated/resources/Bundle-mii-exa-test-data-bundle-pat-5.json	74858	9	5	0	0	0	0	0	4	37	0	0	0	0	0	0	0	1	0	0	0	198	237	0	0	0	0	0	0	0
fsh-generated/resources/Bundle-mii-exa-test-data-bundle-pat-6.json	83418	9	5	0	0	0	0	0	5	40	0	0	0	0	0	0	0	0	0	0	0	216	237	0	0	0	0	0	0	1
fsh-generated/resources/Bundle-mii-exa-test-data-bundle-pat-7.json	73656	8	5	0	0	0	0	0	5	39	0	0	0	0	0	0	0	0	0	0	0	187	201	0	0	0	0	0	0	0
fsh-generated/resources/Bundle-mii-exa-test-data-bundle-pat-8.json	87302	9	5	0	0	0	0	0	5	43	0	0	0	0	0	0	0	0	0	0	0	216	276	0	0	0	0	0	0	1
fsh-generated/resources/Bundle-mii-exa-test-data-bundle-pat-9.json	74809	7	5	0	0	0	0	0	4	36	0	0	0	0	0	0	0	1	0	0	0	192	199	0	0	0	0	0	0	0
fsh-generated/resources/Bundle-mii-exa-test-data-bundle-patho-1.json	427255	34	27	0	0	0	0	0	23	79	0	0	0	0	0	0	0	1	0	0	0	545	1084	0	0	0	0	0	0	3
fsh-generated/resources/Bundle-mii-exa-test-data-bundle-pro-1.json	101614	10	6	0	0	0	0	0	5	107	0	0	0	0	0	0	0	0	0	0	0	357	322	0	0	0	0	0	0	1
fsh-generated/resources/Bundle-mii-exa-test-data-bundle-seltene-1.json	119464	12	7	0	0	0	0	0	7	54	0	0	0	0	0	0	0	1	0	0	0	248	239	0	0	0	0	0	0	0
fsh-generated/resources/Bundle-mii-exa-test-data-bundle-soziodemographie-1.json	45000	5	3	0	0	0	0	0	3	21	0	0	0	0	0	0	0	0	0	0	0	117	99	0	0	0	0	0	0	1
fsh-generated/resources/Bundle-mii-exa-test-data-bundle-studien-1.json	28848	4	2	0	0	0	0	0	2	25	0	0	0	0	0	0	0	0	0	0	0	83	100	0	0	0	0	0	0	0
fsh-generated/resources/Bundle-mii-exa-test-data-bundle-symptom-1.json	28199	3	1	0	1	0	0	0	1	14	0	0	0	0	0	0	0	0	0	0	0	88	63	0	0	0	0	0	0	0
fsh-generated/resources/Bundle-mii-exa-test-data-patho-befund-bundle-1.json	173624	15	10	0	0	0	0	0	10	63	0	0	0	0	0	0	0	0	0	0	0	329	511	0	0	0	0	0	0	1
fsh-generated/resources/CarePlan-mii-exa-test-data-behandlungsempfehlung.json	799	2	0	0	0	0	0	0	0	3	0	0	0	0	0	0	0	0	0	0	0	30	16	0	0	0	0	0	0	0
fsh-generated/resources/CarePlan-mii-exa-test-data-mtb-therapieplan-1.json	2796	2	0	0	0	0	0	0	0	3	0	0	0	0	0	0	0	0	0	0	0	35	28	0	0	0	0	0	0	0
fsh-generated/resources/CarePlan-mii-exa-test-data-onko-tumorkonferenz-1.json	2041	1	0	0	0	0	0	0	0	3	0	0	0	0	0	0	0	0	0	0	0	34	11	0	0	0	0	0	0	0
fsh-generated/resources/CarePlan-mii-exa-test-data-onko-tumorkonferenz-2.json	2179	1	0	0	0	0	0	0	1	3	0	0	0	0	0	0	0	0	0	0	0	30	7	0	0	0	0	0	0	0
fsh-generated/resources/CarePlan-mii-exa-test-data-onko-tumorkonferenz-molekular-1.json	1806	1	0	0	1	0	0	0	0	2	0	0	0	0	0	0	0	0	0	0	0	30	8	0	0	0	0	0	0	0
fsh-generated/resources/CarePlan-mii-exa-test-data-patient-13-seltene-therapieplan.json	1342	1	0	0	0	0	0	0	0	3	0	0	0	0	0	0	0	0	0	0	0	29	11	0	0	0	0	0	0	0
fsh-generated/resources/CarePlan-mii-exa-test-data-patient-14-mtb-therapieplan-1.json	2152	1	0	0	0	0	0	0	0	2	0	0	0	0	0	0	0	0	0	0	0	32	11	0	0	0	0	0	0	0
fsh-generated/resources/CarePlan-mii-exa-test-data-patient-14-onko-tumorkonferenz-1.json	2189	2	0	0	1	0	0	0	0	3	0	0	0	0	0	0	0	0	0	0	0	30	9	0	0	0	0	0	0	0
fsh-generated/resources/CarePlan-mii-exa-test-data-patient-3-seltene-therapieplan-1.json	1568	1	0	0	0	0	0	0	0	2	0	0	0	0	0	0	0	0	0	0	0	30	8	0	0	0	0	0	0	0
fsh-generated/resources/Claim-mii-exa-test-data-mtb-antrag-kostenuebernahme-1.json	2038	1	0	0	0	0	0	0	0	3	0	0	0	0	0	0	0	1	0	0	0	32	17	0	0	0	0	0	0	0
fsh-generated/resources/Claim-mii-exa-test-data-mtb-antrag-kostenuebernahme-2.json	1510	2	0	0	1	0	0	0	1	2	0	0	0	0	0	0	0	0	0	0	0	29	10	0	0	0	0	0	0	0
fsh-generated/resources/ClaimResponse-mii-exa-test-data-mtb-antwort-kostenuebernahme-1.json	1502	1	0	0	0	0	0	0	0	3	0	0	0	0	0	0	0	0	0	0	0	28	12	0	0	0	0	0	0	0
fsh-generated/resources/ClinicalImpression-mii-exa-test-data-mtb-behandlungsepisode-1.json	3583	2	0	0	1	0	0	0	0	2	0	0	0	0	0	0	0	0	0	0	0	32	16	0	0	0	0	0	0	1
fsh-generated/resources/ClinicalImpression-mii-exa-test-data-mtb-follow-up-1.json	1728	2	0	0	0	0	0	0	0	130	0	0	0	0	0	0	0	0	0	0	0	29	12	0	0	0	0	0	0	0
fsh-generated/resources/ClinicalImpression-mii-exa-test-data-patient-14-mtb-episode-1.json	2135	1	0	0	0	0	0	0	0	4	0	0	0	0	0	0	0	0	0	0	0	30	12	0	0	0	0	0	0	0
fsh-generated/resources/ClinicalImpression-mii-exa-test-data-patient-3-seltene-clinical-impression-1.json	3761	1	0	0	1	0	0	0	0	3	0	0	0	0	0	0	0	0	0	0	0	33	20	0	0	0	0	0	0	0
fsh-generated/resources/Composition-mii-exa-test-data-patho-composition-0.json	3579	1	0	0	0	0	0	0	1	0	0	0	0	0	0	0	0	0	0	0	0	28	13	0	0	0	0	0	0	0
fsh-generated/resources/Composition-mii-exa-test-data-patho-composition-1.json	10133	2	0	0	0	0	0	0	0	0	0	0	0	0	0	0	0	0	0	0	0	34	24	0	0	0	0	0	0	0
fsh-generated/resources/Composition-mii-exa-test-data-semistrukt-befundbericht.json	2335	2	0	0	0	0	0	0	0	1	0	0	0	0	0	0	0	0	0	0	0	28	12	0	0	0	0	0	0	0
fsh-generated/resources/Condition-mii-exa-test-data-bildgebung-diagnose-1.json	1003	1	0	0	0	0	0	0	0	2	0	0	0	0	0	0	0	0	0	0	0	29	5	0	0	0	0	0	0	0
fsh-generated/resources/Condition-mii-exa-test-data-biobank-diagnose-1.json	1711	0	0	0	0	0	0	0	1	1	0	0	0	0	0	0	0	0	0	0	0	33	6	0	0	0	0	0	0	0
fsh-generated/resources/Condition-mii-exa-test-data-biobank-diagnose-3.json	1711	1	0	0	1	0	0	0	0	2	0	0	0	0	0	0	0	0	0	0	0	32	5	0	0	0	0	0	0	0
fsh-generated/resources/Condition-mii-exa-test-data-dokument-diagnose-1.json	1262	1	0	0	0	0	0	0	0	1	0	0	0	0	0	0	0	0	0	0	0	29	7	0	0	0	0	0	0	0
fsh-generated/resources/Condition-mii-exa-test-data-icu-diagnose-1.json	1241	1	0	0	0	0	0	0	0	2	0	0	0	0	0	0	0	0	0	0	0	32	7	0	0	0	0	0	0	0
fsh-generated/resources/Condition-mii-exa-test-data-kardiologie-diagnose-1.json	4079	2	0	0	0	0	0	0	0	1	0	0	0	0	0	0	0	0	0	0	0	33	8	0	0	0	0	0	0	0
fsh-generated/resources/Condition-mii-exa-test-data-kardiologie-diagnose-2.json	2609	2	0	0	0	0	0	0	0	2	0	0	0	0	0	0	0	0	0	0	0	30	9	0	0	0	0	0	0	0
fsh-generated/resources/Condition-mii-exa-test-data-kardiologie-klappenvitium-1.json	4299	1	0	0	0	0	0	0	1	1	0	0	0	0	0	0	0	0	0	0	0	33	10	0	0	0	0	0	0	0
fsh-generated/resources/Condition-mii-exa-test-data-mikrobio-diagnose-1.json	1247	2	0	0	0	0	0	0	0	2	0	0	0	0	0	0	0	0	0	0	0	30	6	0	0	0	0	0	0	0
fsh-generated/resources/Condition-mii-exa-test-data-molgen-diagnose-1.json	989	0	0	0	0	0	0	0	0	1	0	0	0	0	0	0	0	0	0	0	0	27	5	0	0	0	0	0	0	0
fsh-generated/resources/Condition-mii-exa-test-data-molgen-diagnose-2.json	995	1	0	0	0	0	0	0	0	1	0	0	0	0	0	0	0	0	0	0	0	28	5	0	0	0	0	0	0	0
fsh-generated/resources/Condition-mii-exa-test-data-mtb-diagnose-primaertumor-1.json	5880	2	0	0	1	0	0	0	0	3	0	0	0	0	0	0	0	0	0	0	0	46	15	0	0	0	0	0	0	0
fsh-generated/resources/Condition-mii-exa-test-data-mtb-diagnose-primaertumor-2.json	2200	1	0	0	0	0	0	0	1	1	0	0	0	0	0	0	0	0	0	0	0	33	6	0	0	0	0	0	0	0
fsh-generated/resources/Condition-mii-exa-test-data-mtb-diagnose-primaertumor-3.json	2233	1	0	0	1	0	0	0	0	1	0	0	0	0	0	0	0	0	0	0	0	32	6	0	0	0	0	0	0	0
fsh-generated/resources/Condition-mii-exa-test-data-mtb-diagnose-primaertumor-4.json	3858	2	0	0	0	0	0	0	0	2	0	0	0	0	0	0	0	0	0	0	0	34	8	0	0	0	0	0	0	0
fsh-generated/resources/Condition-mii-exa-test-data-onko-diagnose-1.json	5136	1	0	0	0	0	0	0	0	2	0	0	0	0	0	0	0	0	0	0	0	35	13	0	0	0	0	0	0	0
fsh-generated/resources/Condition-mii-exa-test-data-onko-diagnose-2.json	2537	0	0	0	0	0	0	0	1	1	0	0	0	0	0	0	0	0	0	0	0	29	8	0	0	0	0	0	0	0
fsh-generated/resources/Condition-mii-exa-test-data-onko-diagnose-3.json	2293	1	0	0	0	0	0	0	0	1	0	0	0	0	0	0	0	0	0	0	0	29	6	0	0	0	0	0	0	0
fsh-generated/resources/Condition-mii-exa-test-data-onko-diagnose-4.json	2070	1	0	0	1	0	0	0	0	2	0	0	0	0	0	0	0	0	0	0	0	32	5	0	0	0	0	0	0	0
fsh-generated/resources/Condition-mii-exa-test-data-onko-fruehere-tumorerkrankung-1.json	2874	1	0	0	0	0	0	0	0	1	0	0	0	0	0	0	0	0	0	0	0	33	10	0	0	0	0	0	0	0
fsh-generated/resources/Condition-mii-exa-test-data-patho-diagnose-gesichert-1.json	2934	1	0	0	0	0	0	0	0	2	0	0	0	0	0	0	0	0	0	0	0	35	8	0	0	0	0	0	0	0
fsh-generated/resources/Condition-mii-exa-test-data-patho-diagnose-verdacht-1.json	2418	1	0	0	0	0	0	0	0	1	0	0	0	0	0	0	0	0	0	0	0	40	8	0	0	0	0	0	0	0
fsh-generated/resources/Condition-mii-exa-test-data-patient-1-diagnose-1.json	3365	1	0	0	0	0	0	0	1	2	0	0	0	0	0	0	0	0	0	0	0	33	7	0	0	0	0	0	0	1
fsh-generated/resources/Condition-mii-exa-test-data-patient-1-diagnose-2.json	1474	1	0	0	1	0	0	0	0	1	0	0	0	0	0	0	0	0	0	0	0	28	7	0	0	0	0	0	0	0
fsh-generated/resources/Condition-mii-exa-test-data-patient-1-patho-problem-list-item-1.json	1302	1	0	0	0	0	0	0	0	2	0	0	0	0	0	0	0	0	0	0	0	32	6	0	0	0	0	0	0	0
fsh-generated/resources/Condition-mii-exa-test-data-patient-1-todesursache-1.json	1562	1	0	0	0	0	0	0	0	1	0	0	0	0	0	0	0	0	0	0	0	30	7	0	0	0	0	0	0	0
fsh-generated/resources/Condition-mii-exa-test-data-patient-10-diagnose-1.json	1681	1	0	0	0	0	0	0	0	2	0	0	0	0	0	0	0	0	0	0	0	29	5	0	0	0	0	0	0	0
fsh-generated/resources/Condition-mii-exa-test-data-patient-11-diagnose-1.json	1495	1	0	0	1	0	0	0	0	1	0	0	0	0	0	0	0	0	0	0	0	28	7	0	0	0	0	0	0	0
fsh-generated/resources/Condition-mii-exa-test-data-patient-11-diagnose-2.json	1285	1	0	0	0	0	0	0	0	2	0	0	0	0	0	0	0	0	0	0	0	29	7	0	0	0	0	0	0	0
fsh-generated/resources/Condition-mii-exa-test-data-patient-12-diagnose-1.json	1513	1	0	0	0	0	0	0	0	1	0	0	0	0	0	0	0	0	0	0	0	29	8	0	0	0	0	0	0	0
fsh-generated/resources/Condition-mii-exa-test-data-patient-12-diagnose-2.json	1391	1	0	0	0	0	0	0	1	2	0	0	0	0	0	0	0	0	0	0	0	30	6	0	0	0	0	0	0	0
fsh-generated/resources/Condition-mii-exa-test-data-patient-13-seltene-diagnose-genetisch.json	2904	1	0	0	0	0	0	0	0	2	0	0	0	0	0	0	0	0	0	0	0	32	12	0	0	0	0	0	0	0
fsh-generated/resources/Condition-mii-exa-test-data-patient-13-seltene-diagnose-klinisch.json	4563	2	0	0	0	0	0	0	0	2	0	0	0	0	0	0	0	0	0	0	0	35	17	0	0	0	0	0	0	0
fsh-generated/resources/Condition-mii-exa-test-data-patient-13-symptom-abdominal.json	2690	1	0	0	1	0	0	0	0	1	0	0	0	0	0	0	0	0	0	0	0	34	7	0	0	0	0	0	0	0
fsh-generated/resources/Condition-mii-exa-test-data-patient-13-symptom-akroparaesthesie.json	3081	1	0	0	0	0	0	0	1	2	0	0	0	0	0	0	0	0	0	0	0	31	8	0	0	0	0	0	0	0
fsh-generated/resources/Condition-mii-exa-test-data-patient-13-symptom-hypohidrose.json	2807	1	0	0	0	0	0	0	0	2	0	0	0	0	0	0	0	0	0	0	0	30	7	0	0	0	0	0	0	0
fsh-generated/resources/Condition-mii-exa-test-data-patient-14-onko-diagnose-1.json	3183	1	0	0	0	0	0	0	0	1	0	0	0	0	0	0	0	0	0	0	0	33	8	0	0	0	0	0	0	0
fsh-generated/resources/Condition-mii-exa-test-data-patient-2-diagnose-1.json	1746	1	0	0	0	0	0	0	0	1	0	0	0	0	0	0	0	0	0	0	0	30	6	0	0	0	0	0	0	0
fsh-generated/resources/Condition-mii-exa-test-data-patient-2-todesursache-1.json	1444	1	0	0	0	0	0	0	0	2	0	0	0	0	0	0	0	0	0	0	0	30	5	0	0	0	0	0	0	0
fsh-generated/resources/Condition-mii-exa-test-data-patient-3-diagnose-1.json	1727	1	0	0	1	0	0	0	0	1	0	0	0	0	0	0	0	0	0	0	0	30	7	0	0	0	0	0	0	0
fsh-generated/resources/Condition-mii-exa-test-data-patient-3-seltene-clinical-diagnosis-1.json	5655	2	0	0	0	0	0	0	1	2	0	0	0	0	0	0	0	0	0	0	0	37	19	0	0	0	0	0	0	0
fsh-generated/resources/Condition-mii-exa-test-data-patient-3-seltene-clinical-diagnosis-2.json	3299	1	0	0	0	0	0	0	0	2	0	0	0	0	0	0	0	0	0	0	0	36	9	0	0	0	0	0	0	0
fsh-generated/resources/Condition-mii-exa-test-data-patient-3-seltene-genetic-diagnosis-1.json	5571	2	0	0	0	0	0	0	0	2	0	0	0	0	0	0	0	0	0	0	0	39	18	0	0	0	0	0	0	0
fsh-generated/resources/Condition-mii-exa-test-data-patient-3-seltene-genetic-diagnosis-2.json	3516	1	0	0	0	0	0	0	1	2	0	0	0	0	0	0	0	0	0	0	0	34	10	0	0	0	0	0	0	0
fsh-generated/resources/Condition-mii-exa-test-data-patient-3-seltene-symptom-condition-1.json	3434	1	0	0	0	0	0	0	0	2	0	0	0	0	0	0	0	0	0	0	0	34	12	0	0	0	0	0	0	0
fsh-generated/resources/Condition-mii-exa-test-data-patient-3-seltene-symptom-condition-2.json	3044	2	0	0	1	0	0	0	0	2	0	0	0	0	0	0	0	0	0	0	0	33	10	0	0	0	0	0	0	0
fsh-generated/resources/Condition-mii-exa-test-data-patient-4-diagnose-1.json	1657	1	0	0	0	0	0	0	0	1	0	0	0	0	0	0	0	0	0	0	0	30	6	0	0	0	1	0	0	0
fsh-generated/resources/Condition-mii-exa-test-data-patient-5-diagnose-1.json	1679	1	0	0	0	0	0	0	1	2	0	0	0	0	0	0	0	0	0	0	0	30	5	0	0	0	0	0	0	0
fsh-generated/resources/Condition-mii-exa-test-data-patient-6-diagnose-1.json	1693	1	0	0	0	0	0	0	0	1	0	0	0	0	0	0	0	0	0	0	0	29	6	0	0	0	0	0	0	0
fsh-generated/resources/Condition-mii-exa-test-data-patient-7-diagnose-1.json	1732	1	0	0	0	0	0	0	0	1	0	0	0	0	0	0	0	0	0	0	0	32	6	0	0	0	0	0	0	0
fsh-generated/resources/Condition-mii-exa-test-data-patient-8-diagnose-1.json	1748	1	0	0	1	0	0	0	0	2	0	0	0	0	0	0	0	0	0	0	0	32	6	0	0	0	0	0	0	0
fsh-generated/resources/Condition-mii-exa-test-data-patient-8-todesursache-1.json	1387	1	0	0	0	0	0	0	0	1	0	0	0	0	0	0	0	0	0	0	0	33	7	0	0	0	0	0	0	0
fsh-generated/resources/Condition-mii-exa-test-data-patient-9-diagnose-1.json	1696	1	0	0	0	0	0	0	0	2	0	0	0	0	0	0	0	0	0	0	0	29	9	0	0	0	0	0	0	0
fsh-generated/resources/Condition-mii-exa-test-data-pro-diagnose-1.json	1246	1	0	0	0	0	0	0	0	1	0	0	0	0	0	0	0	0	0	0	0	28	7	0	0	0	0	0	0	0
fsh-generated/resources/Condition-mii-exa-test-data-studien-diagnose-1.json	1270	1	0	0	1	0	0	0	0	1	0	0	0	0	0	0	0	0	0	0	0	28	7	0	0	0	0	0	0	0
fsh-generated/resources/Condition-mii-exa-test-data-symptom-condition-1.json	3620	1	0	0	0	0	0	0	1	2	0	0	0	0	0	0	0	0	0	0	0	31	10	0	0	0	0	0	0	0
fsh-generated/resources/Condition-mii-exa-test-data-symptom-condition-2.json	2830	2	0	0	0	0	0	0	0	2	0	0	0	0	0	0	0	0	0	0	0	34	11	0	0	0	0	0	0	0
fsh-generated/resources/Consent-mii-exa-test-data-patient-1-consent-1.json	5690	1	0	0	0	0	0	0	0	2	0	0	0	0	0	0	0	0	0	0	0	51	16	0	0	0	0	0	0	0
fsh-generated/resources/Consent-mii-exa-test-data-patient-10-consent-1.json	4665	2	0	0	0	0	0	0	1	2	0	0	0	0	0	0	0	0	0	0	0	48	13	0	0	0	0	0	0	1
fsh-generated/resources/Consent-mii-exa-test-data-patient-11-consent-1.json	3564	1	0	0	0	0	0	0	0	2	0	0	0	0	0	0	0	0	0	0	0	43	13	0	0	0	0	0	0	0
fsh-generated/resources/Consent-mii-exa-test-data-patient-11-studien-consent-1.json	973	1	0	0	0	0	0	0	0	2	0	0	0	0	0	0	0	0	0	0	0	27	8	0	0	0	0	0	0	0
fsh-generated/resources/Consent-mii-exa-test-data-patient-12-consent-1.json	3564	1	0	0	1	0	0	0	0	2	0	0	0	0	0	0	0	0	0	0	0	43	13	0	0	0	0	0	0	0
fsh-generated/resources/Consent-mii-exa-test-data-patient-13-consent-1.json	3564	1	0	0	0	0	0	0	1	2	0	0	0	0	0	0	0	0	0	0	0	44	11	0	0	0	0	0	0	0
fsh-generated/resources/Consent-mii-exa-test-data-patient-13-register-consent.json	972	1	0	0	0	0	0	0	0	1	0	0	0	0	0	0	0	0	0	0	0	28	6	0	0	0	0	0	0	0
fsh-generated/resources/Consent-mii-exa-test-data-patient-14-consent-1.json	4010	2	0	0	0	0	0	0	0	2	0	0	0	0	0	0	0	0	0	0	0	47	11	0	0	0	0	0	0	0
fsh-generated/resources/Consent-mii-exa-test-data-patient-2-consent-1.json	4209	1	0	0	0	0	0	0	0	2	0	0	0	0	0	0	0	1	0	0	0	48	11	0	0	0	0	0	0	0
fsh-generated/resources/Consent-mii-exa-test-data-patient-3-consent-1.json	4209	1	0	0	0	0	0	0	1	2	0	0	0	0	0	0	0	0	0	0	0	48	10	0	0	0	0	0	0	0
fsh-generated/resources/Consent-mii-exa-test-data-patient-4-consent-1.json	4209	1	0	0	1	0	0	0	0	2	0	0	0	0	0	0	0	0	0	0	0	52	11	0	0	0	0	0	0	0
fsh-generated/resources/Consent-mii-exa-test-data-patient-5-consent-1.json	4663	2	0	0	0	0	0	0	0	3	0	0	0	0	0	0	0	0	0	0	0	52	10	0	0	0	0	0	0	0
fsh-generated/resources/Consent-mii-exa-test-data-patient-6-consent-1.json	4209	1	0	0	0	0	0	0	0	2	0	0	0	0	0	0	0	0	0	0	0	48	14	0	0	0	0	0	0	0
fsh-generated/resources/Consent-mii-exa-test-data-patient-7-consent-1.json	2856	2	0	0	0	0	0	0	1	2	0	0	0	0	0	0	0	0	0	0	0	42	14	0	0	0	0	0	0	0
fsh-generated/resources/Consent-mii-exa-test-data-patient-8-consent-1.json	2856	1	0	0	1	0	0	0	0	2	0	0	0	0	0	0	0	0	0	0	0	46	18	0	0	0	0	0	0	0
fsh-generated/resources/Consent-mii-exa-test-data-patient-9-consent-1.json	4209	2	0	0	0	0	0	0	1	2	0	0	0	0	0	0	0	0	0	0	0	47	12	0	0	0	0	0	0	0
fsh-generated/resources/Consent-mii-exa-test-data-seltene-register-consent-1.json	978	1	0	0	0	0	0	0	0	1	0	0	0	0	0	0	0	0	0	0	0	27	6	0	0	0	0	0	0	0
fsh-generated/resources/Consent-mii-exa-test-data-studien-consent-1.json	969	1	0	0	0	0	0	0	0	2	0	0	0	0	0	0	0	0	0	0	0	27	6	0	0	0	0	0	0	0
fsh-generated/resources/Device-mii-exa-test-data-biobank-device-inkubator-1.json	885	0	0	0	0	0	0	0	0	1	0	0	0	0	0	0	0	0	0	0	0	27	5	0	0	0	0	0	0	0
fsh-generated/resources/Device-mii-exa-test-data-device-roche-cobas-c303.json	1266	1	0	0	0	0	0	0	0	2	0	0	0	0	0	0	0	0	0	0	0	27	5	0	0	0	0	0	0	0
fsh-generated/resources/Device-mii-exa-test-data-device-roche-cobas-e402.json	923	1	0	0	0	0	0	0	0	1	0	0	0	0	0	0	0	0	0	0	0	27	5	0	0	0	0	0	0	0
fsh-generated/resources/Device-mii-exa-test-data-device-roche-cobas.json	613	0	0	0	0	0	0	0	0	1	0	0	0	0	0	0	0	0	0	0	0	26	3	0	0	0	0	0	0	0
fsh-generated/resources/Device-mii-exa-test-data-geraet.json	586	1	0	0	0	0	0	0	0	1	0	0	0	0	0	0	0	0	0	0	0	28	4	0	0	0	0	0	0	0
fsh-generated/resources/Device-mii-exa-test-data-kardiologie-device-1.json	1037	0	0	0	0	0	0	0	0	2	0	0	0	0	0	0	0	0	0	0	0	30	7	0	0	0	0	0	0	0
fsh-generated/resources/Device-mii-exa-test-data-mikrobio-device-bactec-1.json	573	1	0	0	1	0	0	0	0	1	0	0	0	0	0	0	0	0	0	0	0	27	3	0	0	0	0	0	0	0
fsh-generated/resources/Device-mii-exa-test-data-mikrobio-device-immunoassay-1.json	577	1	0	0	0	0	0	0	1	1	0	0	0	0	0	0	0	0	0	0	0	25	3	0	0	0	0	0	0	0
fsh-generated/resources/Device-mii-exa-test-data-mikrobio-device-maldi-1.json	762	0	0	0	0	0	0	0	0	2	0	0	0	0	0	0	0	0	0	0	0	26	4	0	0	0	0	0	0	0
fsh-generated/resources/Device-mii-exa-test-data-mikrobio-device-mikroskop-1.json	583	1	0	0	0	0	0	0	0	1	0	0	0	0	0	0	0	0	0	0	0	25	3	0	0	0	0	0	0	0
fsh-generated/resources/Device-mii-exa-test-data-mikrobio-device-pcr-1.json	568	1	0	0	0	0	0	0	0	1	0	0	0	0	0	0	0	0	0	0	0	26	4	0	0	0	0	0	0	0
fsh-generated/resources/Device-mii-exa-test-data-mikrobio-device-vitek-1.json	552	0	0	0	0	0	0	0	0	1	0	0	0	0	0	0	0	0	0	0	0	25	3	0	0	0	0	0	0	0
fsh-generated/resources/Device-mii-exa-test-data-molgen-device-sequencer.json	478	1	0	0	0	0	0	0	0	1	0	0	0	0	0	0	0	0	0	0	0	25	4	0	0	0	0	0	0	0
fsh-generated/resources/Device-mii-exa-test-data-mtb-device-sequencer-1.json	909	1	0	0	0	0	0	0	0	2	0	0	0	0	0	0	0	0	0	0	0	27	7	0	0	0	0	0	0	0
fsh-generated/resources/Device-mii-exa-test-data-onko-sequencer-1.json	487	1	0	0	0	0	0	0	0	1	0	0	0	0	0	0	0	0	0	0	0	28	3	0	0	0	0	0	0	0
fsh-generated/resources/Device-mii-exa-test-data-patient-1-icu-device-1.json	1463	1	0	0	0	0	0	0	0	2	0	0	0	0	0	0	0	0	0	0	0	31	8	0	0	0	0	0	0	1
fsh-generated/resources/Device-mii-exa-test-data-patient-1-icu-device-assessment-1.json	1633	1	0	0	0	0	0	0	0	1	0	0	0	0	0	0	1	0	0	0	0	34	6	0	0	0	0	0	0	0
fsh-generated/resources/Device-mii-exa-test-data-patient-1-icu-device-ecmo-1.json	1577	0	0	0	1	0	0	0	0	2	0	0	0	0	0	0	0	0	0	0	0	35	6	0	0	0	0	0	0	0
fsh-generated/resources/Device-mii-exa-test-data-patient-1-icu-device-monitor-1.json	1621	1	0	0	0	0	0	0	0	1	0	0	0	0	0	0	0	0	0	0	0	34	5	0	0	0	0	0	0	0
fsh-generated/resources/Device-mii-exa-test-data-patient-1-icu-device-pdms-1.json	1614	1	0	0	0	0	0	0	1	2	0	0	0	0	0	0	0	0	0	0	0	33	5	0	0	0	0	0	0	0
fsh-generated/resources/Device-mii-exa-test-data-patient-12-icu-device-vent.json	1042	1	0	0	0	0	0	0	0	1	0	0	0	0	0	0	0	0	0	0	0	33	6	0	0	0	0	0	0	0
fsh-generated/resources/Device-mii-exa-test-data-symptom-device-1.json	638	1	0	0	0	0	0	0	0	1	0	0	0	0	0	0	0	0	0	0	0	30	4	0	0	0	0	0	0	0
fsh-generated/resources/DeviceDefinition-mii-exa-test-data-mtb-panel-devicedef-1.json	2080	1	0	0	0	0	0	0	0	3	0	0	0	0	0	0	0	0	0	0	0	35	4	0	0	0	0	0	0	0
fsh-generated/resources/DeviceMetric-mii-exa-test-data-devicemetric-roche-cobas-c303-1.json	747	1	0	0	0	0	0	0	0	1	0	0	0	0	0	0	0	0	0	0	0	30	8	0	0	0	0	0	0	0
fsh-generated/resources/DeviceMetric-mii-exa-test-data-kardiologie-devicemetric-1.json	871	1	0	0	0	0	0	0	0	1	0	0	0	0	0	0	0	0	0	0	0	30	6	0	0	0	0	0	0	0
fsh-generated/resources/DeviceMetric-mii-exa-test-data-patient-1-icu-ect-dm-param-1.json	827	1	0	0	0	0	0	0	0	1	0	0	0	0	0	0	0	0	0	0	0	31	6	0	0	0	0	0	0	0
fsh-generated/resources/DeviceMetric-mii-exa-test-data-patient-1-icu-vent-dm-param-1.json	820	0	0	0	1	0	0	0	0	1	0	0	0	0	0	0	0	0	0	0	0	32	5	0	0	0	0	0	0	0
fsh-generated/resources/DeviceMetric-mii-exa-test-data-patient-12-icu-dm-vent.json	817	1	0	0	0	0	0	0	0	2	0	0	0	0	0	0	0	0	0	0	0	30	5	0	0	0	0	0	0	0
fsh-generated/resources/DiagnosticReport-mii-exa-test-data-befundbericht.json	2507	1	0	0	0	0	0	0	0	1	0	0	0	0	0	0	0	0	0	0	0	31	14	0	0	0	0	0	0	0
fsh-generated/resources/DiagnosticReport-mii-exa-test-data-lungenfunktion-bodyplethysmografie-befund-1.json	3720	1	0	0	0	0	0	0	1	4	0	0	0	0	0	0	0	0	0	0	0	45	29	0	0	0	0	0	0	0
fsh-generated/resources/DiagnosticReport-mii-exa-test-data-lungenfunktion-diffusion-befund-1.json	2801	1	0	0	0	0	0	0	0	2	0	0	0	0	0	0	0	0	0	0	0	35	16	0	0	0	0	0	0	0
fsh-generated/resources/DiagnosticReport-mii-exa-test-data-lungenfunktion-provokationstest-befund-1.json	3121	1	0	0	0	0	0	0	0	2	0	0	0	0	0	0	0	0	0	0	0	36	17	0	0	0	0	0	0	0
fsh-generated/resources/DiagnosticReport-mii-exa-test-data-lungenfunktion-spirometrie-befund-1.json	3085	0	0	0	0	0	0	0	0	3	0	0	0	0	0	0	0	0	0	0	0	36	18	0	0	0	0	0	0	0
fsh-generated/resources/DiagnosticReport-mii-exa-test-data-mikrobio-diagnostic-report-1.json	4838	2	0	0	0	0	0	0	1	4	0	0	0	0	0	0	0	0	0	0	0	40	28	0	0	0	0	0	0	0
fsh-generated/resources/DiagnosticReport-mii-exa-test-data-mtb-molecular-pathology-report-1.json	1019	1	0	0	0	0	0	0	0	1	0	0	0	0	0	0	0	0	0	0	0	28	8	0	0	0	0	0	0	0
fsh-generated/resources/DiagnosticReport-mii-exa-test-data-mtb-ngs-bericht-1.json	2130	1	0	0	0	0	0	0	0	3	0	0	0	0	0	0	0	0	0	0	0	35	22	0	0	0	0	0	0	0
fsh-generated/resources/DiagnosticReport-mii-exa-test-data-onko-befund-1.json	1128	1	0	0	1	0	0	0	0	1	0	0	0	0	0	0	0	0	0	0	0	27	9	0	0	0	0	0	0	0
fsh-generated/resources/DiagnosticReport-mii-exa-test-data-patho-report-1.json	4517	1	0	0	0	0	0	0	0	0	0	0	0	0	0	0	0	0	0	0	0	31	30	0	0	0	0	0	0	0
fsh-generated/resources/DiagnosticReport-mii-exa-test-data-patient-1-labreport-1.json	3726	1	0	0	0	0	0	0	0	4	0	0	0	0	0	0	0	0	0	0	0	37	20	0	0	0	0	0	0	0
fsh-generated/resources/DiagnosticReport-mii-exa-test-data-patient-10-labreport-1.json	2429	1	0	0	0	0	0	0	1	2	0	0	0	0	0	0	0	0	0	0	0	31	14	0	0	0	0	0	0	0
fsh-generated/resources/DiagnosticReport-mii-exa-test-data-patient-11-labreport-1.json	2368	1	0	0	0	0	0	0	0	2	0	0	0	0	0	0	0	0	0	0	0	32	13	0	0	0	0	0	0	0
fsh-generated/resources/DiagnosticReport-mii-exa-test-data-patient-12-labreport-1.json	2457	1	0	0	0	0	0	0	0	2	0	0	0	0	0	0	0	0	0	0	0	35	15	0	0	0	0	0	0	0
fsh-generated/resources/DiagnosticReport-mii-exa-test-data-patient-12-mibi-report-1.json	4053	2	0	0	1	0	0	0	0	3	0	0	0	0	0	0	0	0	0	0	0	38	27	0	0	0	0	0	0	0
fsh-generated/resources/DiagnosticReport-mii-exa-test-data-patient-13-labreport-1.json	2466	1	0	0	0	0	0	0	0	3	0	0	0	0	0	0	0	0	0	0	0	34	14	0	0	0	0	0	0	0
fsh-generated/resources/DiagnosticReport-mii-exa-test-data-patient-14-mtb-ngs-bericht-1.json	1901	1	0	0	0	0	0	0	1	2	0	0	0	0	0	0	0	0	0	0	0	32	15	0	0	0	0	0	0	0
fsh-generated/resources/DiagnosticReport-mii-exa-test-data-patient-14-onko-befund-1.json	1205	1	0	0	0	0	0	0	0	1	0	0	0	0	0	0	0	0	0	0	0	29	8	0	0	0	0	0	0	0
fsh-generated/resources/DiagnosticReport-mii-exa-test-data-patient-2-labreport-1.json	2481	1	0	0	0	0	0	0	0	2	0	0	0	0	0	0	0	0	0	0	0	32	15	0	0	0	0	0	0	0
fsh-generated/resources/DiagnosticReport-mii-exa-test-data-patient-3-labreport-1.json	2457	1	0	0	0	0	0	0	0	2	0	0	0	0	0	0	0	0	0	0	0	31	15	0	0	0	0	0	0	0
fsh-generated/resources/DiagnosticReport-mii-exa-test-data-patient-3-molgen-befundbericht-1.json	4658	1	0	0	1	0	0	0	0	2	0	0	0	0	0	0	0	0	0	0	0	34	32	0	0	0	0	0	0	0
fsh-generated/resources/DiagnosticReport-mii-exa-test-data-patient-4-labreport-1.json	2383	2	0	0	0	0	0	0	1	2	0	0	0	0	0	0	0	0	0	0	0	33	17	0	0	0	0	0	0	0
fsh-generated/resources/DiagnosticReport-mii-exa-test-data-patient-4-molgen-befundbericht-1.json	2488	1	0	0	0	0	0	0	0	2	0	0	0	0	0	0	0	0	0	0	0	32	19	0	0	0	0	0	0	0
fsh-generated/resources/DiagnosticReport-mii-exa-test-data-patient-5-labreport-1.json	2390	1	0	0	0	0	0	0	0	2	0	0	0	0	0	0	0	0	0	0	0	32	14	0	0	0	0	0	0	0
fsh-generated/resources/DiagnosticReport-mii-exa-test-data-patient-6-labreport-1.json	2419	1	0	0	0	0	0	0	0	2	0	0	0	0	0	0	0	0	0	0	0	32	14	0	0	0	0	0	0	0
fsh-generated/resources/DiagnosticReport-mii-exa-test-data-patient-7-labreport-1.json	2389	2	0	0	1	0	0	0	0	2	0	0	0	0	0	0	0	0	0	0	0	32	15	0	0	0	0	0	0	0
fsh-generated/resources/DiagnosticReport-mii-exa-test-data-patient-8-labreport-1.json	2413	1	0	0	0	0	0	0	0	2	0	0	0	0	0	0	0	0	0	0	0	32	15	0	0	0	0	0	0	0
fsh-generated/resources/DiagnosticReport-mii-exa-test-data-patient-9-labreport-1.json	2406	1	0	0	0	0	0	0	1	2	0	0	0	0	0	0	0	0	0	0	0	31	14	0	0	0	0	0	0	0
fsh-generated/resources/DiagnosticReport-mii-exa-test-data-seltene-molgen-befundbericht-1.json	657	1	0	0	0	0	0	0	0	1	0	0	0	0	0	0	0	0	0	0	0	28	5	0	0	0	0	0	0	0
fsh-generated/resources/DocumentReference-mii-exa-test-data-biobank-crispr-protokoll-1.json	730	1	0	0	0	0	0	0	0	3	0	0	0	0	0	0	0	0	0	0	0	26	3	0	0	0	0	0	0	0
fsh-generated/resources/DocumentReference-mii-exa-test-data-biobank-kulturprotokoll-1.json	734	0	0	0	0	0	0	0	0	2	0	0	0	0	0	0	0	0	0	0	0	27	4	0	0	0	0	0	0	0
fsh-generated/resources/DocumentReference-mii-exa-test-data-lungenfunktion-docref-rohdaten-1.json	1035	1	0	0	0	0	0	0	0	2	0	0	0	0	0	0	0	0	0	0	0	27	8	0	0	0	0	0	0	0
fsh-generated/resources/DocumentReference-mii-exa-test-data-patient-1-consent-docref-1.json	1324	1	0	0	0	0	0	0	0	2	0	0	0	0	0	0	0	0	0	0	0	29	10	0	0	0	0	0	0	0
fsh-generated/resources/DocumentReference-mii-exa-test-data-patient-1-dokument-1.json	4186	1	0	0	0	0	0	0	0	2	0	0	0	0	0	0	0	0	0	0	0	37	17	0	0	0	0	0	0	0
fsh-generated/resources/DocumentReference-mii-exa-test-data-patient-1-dokument-2.json	3802	1	0	0	1	0	0	0	0	2	0	0	0	0	0	0	0	0	0	0	0	35	9	0	0	0	0	0	0	0
fsh-generated/resources/DocumentReference-mii-exa-test-data-patient-11-studien-dokument-1.json	1124	1	0	0	0	0	0	0	1	2	0	0	0	0	0	0	0	0	0	0	0	29	8	0	0	0	0	0	0	0
fsh-generated/resources/DocumentReference-mii-exa-test-data-studien-dokument-1.json	1113	1	0	0	0	0	0	0	0	3	0	0	0	0	0	0	0	0	0	0	0	33	8	0	0	0	0	0	0	0
fsh-generated/resources/Encounter-mii-exa-test-data-bildgebung-encounter-1.json	656	0	0	0	0	0	0	0	0	1	0	0	0	0	0	0	0	0	0	0	0	27	5	0	0	0	0	0	0	0
fsh-generated/resources/Encounter-mii-exa-test-data-biobank-encounter-1.json	641	1	0	0	0	0	0	0	0	1	0	0	0	0	0	0	0	0	0	0	0	26	5	0	0	0	0	0	0	0
fsh-generated/resources/Encounter-mii-exa-test-data-dokument-encounter-1.json	652	0	0	0	0	0	0	0	0	1	0	0	0	0	0	0	0	0	0	0	0	27	4	0	0	0	0	0	0	0
fsh-generated/resources/Encounter-mii-exa-test-data-icu-encounter-1.json	1015	1	0	0	0	0	0	0	0	2	0	0	0	0	0	0	0	0	0	0	0	27	6	0	0	0	0	0	0	0
fsh-generated/resources/Encounter-mii-exa-test-data-isik-vitalparameter-encounter-1.json	674	1	0	0	0	0	0	0	0	1	0	0	0	0	0	0	0	0	0	0	0	27	5	0	0	0	0	0	0	0
fsh-generated/resources/Encounter-mii-exa-test-data-kardiologie-encounter-1.json	1039	0	0	0	0	0	0	0	0	1	0	0	0	0	0	0	0	0	0	0	0	26	6	0	0	0	0	0	0	0
fsh-generated/resources/Encounter-mii-exa-test-data-lungenfunktion-encounter-1.json	685	1	0	0	0	0	0	0	0	2	0	0	0	0	0	0	0	0	0	0	0	26	5	0	0	0	0	0	0	0
fsh-generated/resources/Encounter-mii-exa-test-data-mikrobio-encounter-1.json	793	1	0	0	0	0	0	0	0	1	0	0	0	0	0	0	0	0	0	0	0	26	5	0	0	0	0	0	0	0
fsh-generated/resources/Encounter-mii-exa-test-data-molgen-encounter-1.json	648	0	0	0	0	0	0	0	0	1	0	0	0	0	0	0	0	0	0	0	0	25	4	0	0	0	0	0	0	0
fsh-generated/resources/Encounter-mii-exa-test-data-molgen-encounter-2.json	648	1	0	0	0	0	0	0	0	1	0	0	0	0	0	0	0	0	0	0	0	25	5	0	0	0	0	0	0	0
fsh-generated/resources/Encounter-mii-exa-test-data-mtb-encounter-1.json	642	1	0	0	0	0	0	0	0	2	0	0	0	0	0	0	0	0	0	0	0	26	5	0	0	0	0	0	0	0
fsh-generated/resources/Encounter-mii-exa-test-data-onko-encounter-1.json	644	0	0	0	1	0	0	0	0	1	0	0	0	0	0	0	0	0	0	0	0	26	5	0	0	0	0	0	0	0
fsh-generated/resources/Encounter-mii-exa-test-data-patho-encounter-1.json	646	1	0	0	0	0	0	0	0	1	0	0	0	0	0	0	0	0	0	0	0	68	5	0	0	0	0	0	0	0
fsh-generated/resources/Encounter-mii-exa-test-data-patient-1-encounter-1.json	6040	2	0	0	0	0	0	0	1	2	0	0	0	0	0	0	0	0	0	0	0	38	14	0	0	0	0	0	0	0
fsh-generated/resources/Encounter-mii-exa-test-data-patient-1-encounter-2.json	1684	0	0	0	0	0	0	0	0	2	0	0	0	0	0	0	0	0	0	0	0	29	10	0	0	0	0	0	0	0
fsh-generated/resources/Encounter-mii-exa-test-data-patient-10-encounter-1.json	2917	2	0	0	0	0	0	0	0	1	0	0	0	0	0	0	0	0	0	0	0	33	9	0	0	0	0	0	0	0
fsh-generated/resources/Encounter-mii-exa-test-data-patient-11-encounter-1.json	3478	1	0	0	0	0	0	0	1	2	0	0	0	0	0	0	0	0	0	0	0	31	9	0	0	0	0	0	0	0
fsh-generated/resources/Encounter-mii-exa-test-data-patient-11-encounter-2.json	1741	1	0	0	0	0	0	0	0	1	0	0	0	0	0	0	0	1	0	0	0	30	8	0	0	0	0	0	0	1
fsh-generated/resources/Encounter-mii-exa-test-data-patient-11-encounter-3.json	1741	1	0	0	0	0	0	0	0	2	0	0	0	0	0	0	0	0	0	0	0	29	6	0	0	0	0	0	0	0
fsh-generated/resources/Encounter-mii-exa-test-data-patient-11-encounter-4.json	1741	1	0	0	1	0	0	0	0	1	0	0	0	0	0	0	0	0	0	0	0	30	7	0	0	0	0	0	0	0
fsh-generated/resources/Encounter-mii-exa-test-data-patient-12-encounter-1.json	3710	1	0	0	0	0	0	0	0	2	0	0	0	0	0	0	0	0	0	0	0	36	10	0	0	0	0	0	0	0
fsh-generated/resources/Encounter-mii-exa-test-data-patient-12-encounter-2.json	1844	1	0	0	0	0	0	0	0	2	0	0	0	0	0	0	0	0	0	0	0	30	8	0	0	0	0	0	0	0
fsh-generated/resources/Encounter-mii-exa-test-data-patient-13-encounter-1.json	1741	1	0	0	0	0	0	0	0	1	0	0	0	0	0	0	0	0	0	0	0	30	6	0	0	0	0	0	0	0
fsh-generated/resources/Encounter-mii-exa-test-data-patient-13-encounter-2.json	1741	1	0	0	0	0	0	0	1	2	0	0	0	0	0	0	0	0	0	0	0	28	7	0	0	0	1	0	0	0
fsh-generated/resources/Encounter-mii-exa-test-data-patient-13-encounter-3.json	1741	1	0	0	0	0	0	0	0	1	0	0	0	0	0	0	0	0	0	0	0	30	7	0	0	0	0	0	0	0
fsh-generated/resources/Encounter-mii-exa-test-data-patient-14-encounter-1.json	3166	1	0	0	1	0	0	0	0	2	0	0	0	0	0	0	0	0	0	0	0	31	8	0	0	0	0	0	0	0
fsh-generated/resources/Encounter-mii-exa-test-data-patient-14-encounter-2.json	1741	1	0	0	0	0	0	0	0	1	0	0	0	0	0	0	0	0	0	0	0	29	7	0	0	0	0	0	0	0
fsh-generated/resources/Encounter-mii-exa-test-data-patient-2-encounter-1.json	2880	1	0	0	0	0	0	0	0	2	0	0	0	0	0	0	0	0	0	0	0	30	7	0	0	0	0	0	0	0
fsh-generated/resources/Encounter-mii-exa-test-data-patient-2-encounter-2.json	1021	1	0	0	0	0	0	0	0	1	0	0	0	0	0	0	0	0	0	0	0	28	5	0	0	0	0	0	0	0
fsh-generated/resources/Encounter-mii-exa-test-data-patient-3-encounter-1.json	3524	2	0	0	0	0	0	0	1	2	0	0	0	0	0	0	0	0	0	0	0	30	9	0	0	0	0	0	0	0
fsh-generated/resources/Encounter-mii-exa-test-data-patient-4-encounter-1.json	2915	1	0	0	0	0	0	0	0	2	0	0	0	0	0	0	0	0	0	0	0	30	8	0	0	0	0	0	0	0
fsh-generated/resources/Encounter-mii-exa-test-data-patient-5-encounter-1.json	2915	1	0	0	1	0	0	0	0	1	0	0	0	0	0	0	0	0	0	0	0	30	7	0	0	0	0	0	0	0
fsh-generated/resources/Encounter-mii-exa-test-data-patient-6-encounter-1.json	2915	1	0	0	0	0	0	0	0	2	0	0	0	0	0	0	0	0	0	0	0	32	7	0	0	0	0	0	0	0
fsh-generated/resources/Encounter-mii-exa-test-data-patient-7-encounter-1.json	2915	1	0	0	0	0	0	0	1	1	0	0	0	0	0	0	0	0	0	0	0	31	8	0	0	0	0	0	0	0
fsh-generated/resources/Encounter-mii-exa-test-data-patient-8-encounter-1.json	3243	2	0	0	0	0	0	0	0	2	0	0	0	0	0	0	0	0	0	0	0	31	9	0	0	0	0	0	0	0
fsh-generated/resources/Encounter-mii-exa-test-data-patient-9-encounter-1.json	2915	1	0	0	0	0	0	0	0	2	0	0	0	0	0	0	0	0	0	0	0	31	7	0	0	0	0	0	0	0
fsh-generated/resources/Encounter-mii-exa-test-data-pro-encounter-1.json	642	1	0	0	1	0	0	0	0	1	0	0	0	0	0	0	0	0	0	0	0	27	5	0	0	0	0	0	0	0
fsh-generated/resources/Encounter-mii-exa-test-data-seltene-encounter-1.json	650	1	0	0	0	0	0	0	0	1	0	0	0	0	0	0	0	0	0	0	0	26	6	0	0	0	0	0	0	0
fsh-generated/resources/Encounter-mii-exa-test-data-studien-encounter-1.json	650	1	0	0	0	0	0	0	0	2	0	0	0	0	0	0	0	0	0	0	0	26	5	0	0	0	0	0	0	0
fsh-generated/resources/Encounter-mii-exa-test-data-symptom-encounter-1.json	641	1	0	0	0	0	0	0	0	1	0	0	0	0	0	0	0	0	0	0	0	26	5	0	0	0	0	0	0	0
fsh-generated/resources/Endpoint-mii-exa-test-data-bildgebung-endpoint-1.json	822	0	0	0	0	1	0	0	0	2	0	0	0	0	0	0	0	0	0	0	0	26	4	0	0	0	0	0	0	0
fsh-generated/resources/EvidenceVariable-mii-exa-test-data-patient-11-studien-kriterium-1.json	2941	1	0	0	0	0	0	0	0	1	0	0	0	0	0	0	0	0	0	0	0	30	51	0	0	0	0	0	0	0
fsh-generated/resources/EvidenceVariable-mii-exa-test-data-studien-kriterium-1.json	5002	2	0	0	1	0	0	0	1	8	0	0	0	0	0	0	0	0	0	0	0	33	56	0	0	0	0	0	0	0
fsh-generated/resources/FamilyMemberHistory-mii-exa-test-data-patient-13-familienanamnese-mutter.json	2736	1	0	0	0	0	0	0	0	2	0	0	0	0	0	0	0	0	0	0	0	30	12	0	0	0	0	0	0	0
fsh-generated/resources/FamilyMemberHistory-mii-exa-test-data-patient-13-familienanamnese-onkel.json	2384	1	0	0	0	0	0	0	0	2	0	0	0	0	0	0	0	0	0	0	0	29	6	0	0	0	0	0	0	0
fsh-generated/resources/FamilyMemberHistory-mii-exa-test-data-patient-3-molgen-family-member-history-1.json	3471	1	0	0	0	0	0	0	0	1	0	0	0	0	0	0	0	0	0	0	0	30	7	0	0	0	0	0	0	0
fsh-generated/resources/FamilyMemberHistory-mii-exa-test-data-patient-3-seltene-familienanamnese-1.json	4308	1	0	0	0	0	0	0	1	2	0	0	0	0	0	0	0	0	0	0	0	76	7	0	0	0	0	0	0	0
fsh-generated/resources/FamilyMemberHistory-mii-exa-test-data-patient-3-seltene-familienanamnese-2.json	1910	1	0	0	0	0	0	0	0	2	0	0	0	0	0	0	0	0	0	0	0	37	5	0	0	0	0	0	0	0
fsh-generated/resources/FamilyMemberHistory-mii-exa-test-data-patient-3-seltene-familienanamnese-3.json	1947	1	0	0	1	0	0	0	0	1	0	0	0	0	0	0	0	0	0	0	0	30	7	0	0	0	0	0	0	0
fsh-generated/resources/FamilyMemberHistory-mii-exa-test-data-patient-4-molgen-family-member-history-1.json	2209	1	0	0	0	0	0	0	0	2	0	0	0	0	0	0	0	0	0	0	0	33	5	0	0	0	0	0	0	0
fsh-generated/resources/Group-mii-exa-test-data-mtb-studie-group-1.json	430	1	0	0	0	0	0	0	0	1	0	0	0	0	0	0	0	0	0	0	0	27	5	0	0	0	0	0	0	0
fsh-generated/resources/Group-mii-exa-test-data-patient-11-studien-group-1.json	657	1	0	0	0	0	0	0	0	1	0	0	0	0	0	0	0	0	0	0	0	28	5	0	0	0	0	0	0	0
fsh-generated/resources/Group-mii-exa-test-data-studien-group-1.json	646	1	0	0	0	0	0	0	0	1	0	0	0	0	0	0	0	0	0	0	0	35	5	0	0	0	0	0	0	0
fsh-generated/resources/ImagingStudy-mii-exa-test-data-bildgebungsstudie.json	7257	2	0	0	0	0	0	0	1	8	0	0	0	0	0	0	0	0	0	0	0	38	18	0	0	0	0	0	0	1
fsh-generated/resources/ImagingStudy-mii-exa-test-data-patho-imaging-study-1.json	723	1	0	0	1	0	0	0	0	2	0	0	0	0	0	0	0	0	0	0	0	29	5	0	0	0	0	0	0	0
fsh-generated/resources/Library-mii-exa-test-data-mtb-studien-register-1.json	640	1	0	0	0	0	0	0	0	3	0	0	0	0	0	0	0	0	0	0	0	29	4	0	0	0	0	1	0	0
fsh-generated/resources/Library-mii-exa-test-data-patient-13-register-katalog.json	923	0	0	0	0	0	0	0	0	4	0	0	0	0	0	0	0	0	0	0	0	27	5	0	0	0	0	0	0	0
fsh-generated/resources/Library-mii-exa-test-data-seltene-register-katalog-1.json	928	1	0	0	0	0	0	0	0	4	0	0	0	0	0	0	0	0	0	0	0	26	5	0	0	0	0	1	0	0
fsh-generated/resources/Library-mii-exa-test-data-studien-register-1.json	1216	1	0	0	0	0	0	0	1	4	0	0	0	0	0	0	0	0	0	0	0	33	5	0	0	0	0	0	0	0
fsh-generated/resources/List-mii-exa-test-data-mtb-evidenz-liste-1.json	795	2	0	0	0	0	0	0	0	2	0	1	0	0	0	0	0	0	0	0	0	29	43	0	0	0	0	0	0	0
fsh-generated/resources/List-mii-exa-test-data-onko-liste-evidenz-1.json	1084	1	0	0	0	0	0	0	0	2	0	0	0	0	0	0	0	0	0	0	0	29	12	0	0	0	0	0	0	0
fsh-generated/resources/List-mii-exa-test-data-patient-1-list-aufnahmemedikation.json	1328	1	0	0	0	0	0	0	0	2	0	0	0	0	0	0	0	0	0	0	0	30	11	0	0	0	0	0	0	0
fsh-generated/resources/List-mii-exa-test-data-patient-1-list-stat-aufenthalt.json	1216	1	0	0	0	0	0	0	0	2	0	0	0	0	0	0	0	0	0	0	0	31	13	0	0	0	0	0	0	0
fsh-generated/resources/List-mii-exa-test-data-patient-1-patho-active-problems-1.json	1036	1	0	0	1	0	0	0	0	1	0	1	0	0	0	0	0	0	0	0	0	29	12	0	0	0	0	0	0	0
fsh-generated/resources/List-mii-exa-test-data-patient-1-patho-hopi-1.json	1033	1	0	0	0	0	0	0	0	2	0	0	0	0	0	0	0	0	0	0	0	28	12	0	0	0	0	0	0	0
fsh-generated/resources/List-mii-exa-test-data-patient-10-list-aufnahmemedikation.json	1069	0	0	0	0	0	0	0	1	1	0	0	0	0	0	0	0	0	0	0	0	28	10	0	0	0	0	0	0	0
fsh-generated/resources/List-mii-exa-test-data-patient-10-list-entlassmedikation.json	1067	1	0	0	0	0	0	0	0	2	0	1	0	0	0	0	0	0	0	0	0	27	9	0	0	0	0	0	0	0
fsh-generated/resources/List-mii-exa-test-data-patient-11-list-entlassmedikation.json	1499	1	0	0	0	0	0	0	0	2	0	1	0	0	0	0	0	0	0	0	0	28	14	0	0	0	0	0	0	0
fsh-generated/resources/List-mii-exa-test-data-patient-12-list-stat-aufenthalt.json	1397	0	0	0	0	0	0	0	0	1	0	1	0	0	0	0	0	0	0	0	0	28	10	0	0	0	0	0	0	0
fsh-generated/resources/List-mii-exa-test-data-patient-2-list-aufnahmemedikation.json	1066	1	0	0	0	0	0	0	0	2	0	1	0	0	0	0	0	0	0	0	0	27	9	0	0	0	0	0	0	0
fsh-generated/resources/List-mii-exa-test-data-patient-2-list-stat-aufenthalt.json	1339	1	0	0	0	0	0	0	0	1	0	0	0	0	0	0	0	0	0	0	0	28	14	0	0	0	0	0	0	0
fsh-generated/resources/List-mii-exa-test-data-patient-3-list-aufnahmemedikation.json	1066	0	0	0	0	0	0	0	0	2	0	1	0	0	0	0	0	0	0	0	0	27	10	0	0	0	0	0	0	0
fsh-generated/resources/List-mii-exa-test-data-patient-3-list-stat-aufenthalt.json	1339	1	0	0	0	0	0	0	0	1	0	1	0	0	0	0	0	0	0	0	0	28	13	0	0	0	0	0	0	0
fsh-generated/resources/List-mii-exa-test-data-patient-4-list-aufnahmemedikation.json	1066	0	0	0	0	0	0	0	0	2	0	1	0	0	0	0	0	0	0	0	0	26	9	0	0	0	0	0	0	0
fsh-generated/resources/List-mii-exa-test-data-patient-4-list-stat-aufenthalt.json	1216	1	0	0	0	0	0	0	0	1	0	0	0	0	0	0	0	0	0	0	0	26	11	0	0	0	0	0	0	0
fsh-generated/resources/List-mii-exa-test-data-patient-5-list-aufnahmemedikation.json	1066	0	0	0	0	0	0	0	0	2	0	1	0	0	0	0	0	0	0	0	0	28	9	0	0	0	0	0	0	0
fsh-generated/resources/List-mii-exa-test-data-patient-5-list-stat-aufenthalt.json	1216	1	0	0	0	0	0	0	1	1	0	1	0	0	0	0	0	0	0	0	0	28	11	0	0	0	0	0	0	0
fsh-generated/resources/List-mii-exa-test-data-patient-6-list-aufnahmemedikation.json	1066	0	0	0	0	0	0	0	0	2	0	1	0	0	0	0	0	0	0	0	0	26	10	0	0	0	0	0	0	0
fsh-generated/resources/List-mii-exa-test-data-patient-6-list-entlassmedikation.json	1064	1	0	0	0	0	0	0	0	1	0	0	0	0	0	0	0	0	0	0	0	27	9	0	0	0	0	0	0	0
fsh-generated/resources/List-mii-exa-test-data-patient-6-list-stat-aufenthalt.json	1339	1	0	0	0	0	0	0	0	2	0	1	0	0	0	0	0	0	0	0	0	29	13	0	0	0	0	0	0	0
fsh-generated/resources/List-mii-exa-test-data-patient-7-list-entlassmedikation.json	1064	0	0	0	0	0	0	0	0	1	0	1	0	0	0	0	0	0	0	0	0	27	9	0	0	0	0	0	0	0
fsh-generated/resources/List-mii-exa-test-data-patient-7-list-stat-aufenthalt.json	1216	1	0	0	0	0	0	0	0	2	0	1	0	0	0	0	0	0	0	0	0	28	11	0	0	0	0	0	0	0
fsh-generated/resources/List-mii-exa-test-data-patient-8-list-stat-aufenthalt.json	1339	0	0	0	0	0	0	0	0	1	0	0	0	0	0	0	0	0	0	0	0	27	12	0	0	0	0	0	0	0
fsh-generated/resources/List-mii-exa-test-data-patient-9-list-aufnahmemedikation.json	1066	1	0	0	0	0	0	0	0	2	0	1	0	0	0	0	0	0	0	0	0	28	11	0	0	0	0	0	0	0
fsh-generated/resources/List-mii-exa-test-data-patient-9-list-entlassmedikation.json	1064	0	0	0	0	0	0	0	0	1	0	1	0	0	0	0	0	0	0	0	0	26	11	0	0	0	0	0	0	0
fsh-generated/resources/List-mii-exa-test-data-patient-9-list-stat-aufenthalt.json	1093	1	0	0	0	0	0	0	0	2	0	1	0	0	0	0	0	0	0	0	0	26	10	0	0	0	0	0	0	0
fsh-generated/resources/Location-mii-exa-test-data-lungenfunktion-umgebung-1.json	1048	1	0	0	0	0	0	0	0	1	0	0	0	0	0	0	0	0	0	0	0	26	3	0	0	0	0	0	0	0
fsh-generated/resources/Media-mii-exa-test-data-patho-image-1.json	1469	0	0	0	0	0	0	0	1	0	0	0	0	0	0	0	0	0	0	0	0	25	8	0	0	0	0	0	0	0
fsh-generated/resources/Media-mii-exa-test-data-patho-image-2.json	1190	1	0	0	0	0	0	0	0	3	0	0	0	0	0	0	0	0	0	0	0	28	6	0	0	0	0	0	0	0
fsh-generated/resources/Media-mii-exa-test-data-patient-3-molgen-media-igv-1.json	1348	1	0	0	0	0	0	0	0	2	0	0	0	0	0	0	0	0	0	0	0	28	8	0	0	0	0	0	0	0
fsh-generated/resources/Media-mii-exa-test-data-patient-3-molgen-media-ihc-1.json	1344	1	0	0	0	0	0	0	0	3	0	0	0	0	0	0	0	0	0	0	0	28	7	0	0	0	0	0	0	0
fsh-generated/resources/Medication-mii-exa-test-data-lungenfunktion-methacholine-1.json	3700	1	0	0	0	0	0	0	0	3	0	0	0	0	0	0	0	0	0	0	0	33	5	0	0	0	0	0	0	0
fsh-generated/resources/Medication-mii-exa-test-data-medication-5-fluorouracil.json	1456	1	0	0	0	0	0	0	0	2	0	0	0	0	0	0	0	0	0	0	0	28	4	0	0	0	0	0	0	0
fsh-generated/resources/Medication-mii-exa-test-data-medication-agalsidase-beta.json	1612	1	0	0	0	0	0	0	0	4	0	0	0	0	0	0	0	0	0	0	0	27	5	0	0	0	0	0	0	0
fsh-generated/resources/Medication-mii-exa-test-data-medication-amoxicillin-clavulansaeure.json	2061	0	0	0	0	0	0	0	1	2	0	0	0	0	0	0	0	0	0	0	0	27	5	0	0	0	0	0	0	0
fsh-generated/resources/Medication-mii-exa-test-data-medication-amoxicillin.json	1440	1	0	0	1	0	0	0	0	1	0	0	0	0	0	0	0	0	0	0	0	28	4	0	0	0	0	0	0	0
fsh-generated/resources/Medication-mii-exa-test-data-medication-ass-100.json	1597	1	0	0	0	0	0	0	0	4	0	0	0	0	0	0	0	0	0	0	0	27	7	0	0	0	0	0	0	0
fsh-generated/resources/Medication-mii-exa-test-data-medication-atorvastatin.json	1446	1	0	0	0	0	0	0	0	1	0	0	0	0	0	0	0	0	0	0	0	27	7	0	0	0	0	0	0	0
fsh-generated/resources/Medication-mii-exa-test-data-medication-carboplatin.json	1451	0	0	0	0	0	0	0	0	2	0	0	0	0	0	0	0	0	0	0	0	28	4	0	0	0	0	0	0	0
fsh-generated/resources/Medication-mii-exa-test-data-medication-cisplatin.json	1446	1	0	0	0	0	0	0	0	1	0	0	0	0	0	0	0	0	0	0	0	28	4	0	0	0	0	0	0	0
fsh-generated/resources/Medication-mii-exa-test-data-medication-clarithromycin.json	1451	1	0	0	0	0	0	0	0	2	0	0	0	0	0	0	0	0	0	0	0	28	5	0	0	0	0	0	0	0
fsh-generated/resources/Medication-mii-exa-test-data-medication-dalbavancin.json	2506	0	0	0	0	0	0	0	0	1	0	0	0	0	0	0	0	0	0	0	0	28	4	0	0	0	0	0	0	0
fsh-generated/resources/Medication-mii-exa-test-data-medication-empagliflozin.json	1518	1	0	0	0	0	0	0	1	4	0	0	0	0	0	0	0	0	0	0	0	27	4	0	0	0	0	0	0	0
fsh-generated/resources/Medication-mii-exa-test-data-medication-ethinylestradiol-levonorgestrel.json	2049	1	0	0	0	0	0	0	0	1	0	0	0	0	0	0	0	0	0	0	0	28	4	0	0	0	0	0	0	0
fsh-generated/resources/Medication-mii-exa-test-data-medication-glucoseloesung.json	3004	1	0	0	0	0	0	0	0	2	0	0	0	0	0	0	0	0	0	0	0	29	6	0	0	0	0	0	0	0
fsh-generated/resources/Medication-mii-exa-test-data-medication-heparin.json	1447	1	0	0	0	0	0	0	0	1	0	0	0	0	0	0	0	0	0	0	0	26	4	0	0	0	0	0	0	0
fsh-generated/resources/Medication-mii-exa-test-data-medication-ibuprofen.json	1441	0	0	0	0	0	0	0	0	2	0	0	0	0	0	0	0	0	0	0	0	27	4	0	0	0	0	0	0	0
fsh-generated/resources/Medication-mii-exa-test-data-medication-leuprorelin.json	1452	1	0	0	0	0	0	0	0	1	0	0	0	0	0	0	0	0	0	0	0	28	4	0	0	0	0	0	0	0
fsh-generated/resources/Medication-mii-exa-test-data-medication-meropenem.json	1573	1	0	0	0	0	0	0	1	4	0	0	0	0	0	0	0	0	0	0	0	27	4	0	0	0	0	0	0	0
fsh-generated/resources/Medication-mii-exa-test-data-medication-metamizol.json	1662	0	0	0	0	0	0	0	0	4	0	0	0	0	0	0	0	0	0	0	0	27	4	0	0	0	0	0	0	0
fsh-generated/resources/Medication-mii-exa-test-data-medication-metoprolol.json	1442	1	0	0	0	0	0	0	0	1	0	0	0	0	0	0	0	0	0	0	0	26	4	0	0	0	0	0	0	0
fsh-generated/resources/Medication-mii-exa-test-data-medication-morphin.json	1424	1	0	0	0	0	0	0	0	1	0	0	0	0	0	0	0	0	0	0	0	26	4	0	0	0	0	0	0	0
fsh-generated/resources/Medication-mii-exa-test-data-medication-noradrenalin.json	1542	0	0	0	0	0	0	0	0	2	0	0	0	0	0	0	0	0	0	0	0	26	5	0	0	0	0	0	0	0
fsh-generated/resources/Medication-mii-exa-test-data-medication-omeprazol.json	1440	1	0	0	0	0	0	0	0	1	0	0	0	0	0	0	0	0	0	0	0	27	4	0	0	0	0	0	0	0
fsh-generated/resources/Medication-mii-exa-test-data-medication-oxaliplatin.json	1450	1	0	0	1	0	0	0	0	1	0	0	0	0	0	0	0	0	0	0	0	26	4	0	0	0	0	0	0	0
fsh-generated/resources/Medication-mii-exa-test-data-medication-paclitaxel.json	1449	1	0	0	0	0	0	0	0	2	0	0	0	0	0	0	0	1	0	0	0	26	4	0	0	0	0	0	0	0
fsh-generated/resources/Medication-mii-exa-test-data-medication-pantoprazol.json	1444	0	0	0	0	0	0	0	1	1	0	0	0	0	0	0	0	0	0	0	0	27	4	0	0	0	0	0	0	0
fsh-generated/resources/Medication-mii-exa-test-data-medication-paracetamol.json	1433	1	0	0	0	0	0	0	0	1	0	0	0	0	0	0	0	0	0	0	0	26	5	0	0	0	0	0	0	0
fsh-generated/resources/Medication-mii-exa-test-data-medication-pembrolizumab.json	1551	1	0	0	0	0	0	0	0	2	0	0	0	0	0	0	0	0	0	0	0	26	5	0	0	0	0	0	0	0
fsh-generated/resources/Medication-mii-exa-test-data-medication-piperacillin-tazobactam.json	2309	1	0	0	0	0	0	0	0	5	0	0	0	0	0	0	0	0	0	0	0	28	5	0	0	0	0	0	0	0
fsh-generated/resources/Medication-mii-exa-test-data-medication-propofol.json	1516	0	0	0	0	0	0	0	0	2	0	0	0	0	0	0	0	0	0	0	0	27	5	0	0	0	0	0	0	0
fsh-generated/resources/Medication-mii-exa-test-data-medication-rezeptur-doxorubicin.json	1819	1	0	0	0	0	0	0	0	1	0	0	0	0	0	0	0	0	0	0	0	28	6	0	0	0	0	0	0	0
fsh-generated/resources/Medication-mii-exa-test-data-medication-sacubitril-valsartan.json	2161	1	0	0	0	0	0	0	0	5	0	0	0	0	0	0	0	0	0	0	0	30	4	0	0	0	0	0	0	0
fsh-generated/resources/Medication-mii-exa-test-data-medication-salbutamol.json	1458	0	0	0	0	0	0	0	1	1	0	0	0	0	0	0	0	0	0	0	0	28	5	0	0	0	1	0	0	0
fsh-generated/resources/Medication-mii-exa-test-data-medication-sumatriptan.json	1432	1	0	0	0	0	0	0	0	2	0	0	0	0	0	0	0	0	0	0	0	30	4	0	0	0	0	0	0	0
fsh-generated/resources/Medication-mii-exa-test-data-medication-topiramat.json	1440	1	0	0	0	0	0	0	0	1	0	0	0	0	0	0	0	0	0	0	0	28	4	0	0	0	0	0	0	0
fsh-generated/resources/MedicationAdministration-mii-exa-test-data-kontrastmittelgabe-2.json	3327	1	0	0	0	0	0	0	0	3	0	0	0	0	0	0	0	0	0	0	0	33	13	0	0	0	0	0	0	0
fsh-generated/resources/MedicationAdministration-mii-exa-test-data-kontrastmittelgabe.json	3222	1	0	0	0	0	1	0	0	3	0	0	0	0	0	0	0	0	0	0	0	32	12	0	0	0	0	0	0	0
fsh-generated/resources/MedicationAdministration-mii-exa-test-data-lungenfunktion-dosis-gabe-1.json	2754	1	0	0	0	0	0	0	1	3	0	0	0	0	0	0	0	0	0	0	0	31	12	0	0	0	0	0	0	0
fsh-generated/resources/MedicationAdministration-mii-exa-test-data-lungenfunktion-dosis-gabe-2.json	2930	1	0	0	0	0	0	0	0	3	0	0	0	0	0	0	0	0	0	0	0	31	13	0	0	0	0	0	0	1
fsh-generated/resources/MedicationAdministration-mii-exa-test-data-lungenfunktion-dosis-gabe-var-1.json	1384	1	0	0	0	0	0	0	0	2	0	0	0	0	0	0	0	0	0	0	0	28	7	0	0	0	0	0	0	0
fsh-generated/resources/MedicationAdministration-mii-exa-test-data-patient-1-medadmin-1.json	3082	1	0	0	1	0	0	0	0	2	0	0	0	0	0	0	0	0	0	0	0	32	15	0	0	0	0	0	0	0
fsh-generated/resources/MedicationAdministration-mii-exa-test-data-patient-1-medadmin-2.json	2399	1	0	0	0	0	0	0	0	2	0	0	0	0	0	0	0	0	0	0	0	31	12	0	0	0	0	0	0	0
fsh-generated/resources/MedicationAdministration-mii-exa-test-data-patient-10-medadmin-1.json	1661	1	0	0	0	0	0	0	1	2	0	0	0	0	0	0	0	0	0	0	0	29	9	0	0	0	0	0	0	0
fsh-generated/resources/MedicationAdministration-mii-exa-test-data-patient-10-medadmin-2.json	1659	1	0	0	0	0	0	0	0	2	0	0	0	0	0	0	0	0	0	0	0	29	11	0	0	0	0	0	0	0
fsh-generated/resources/MedicationAdministration-mii-exa-test-data-patient-12-medadmin-1.json	2332	1	0	0	0	0	0	0	0	2	0	0	0	0	0	0	0	0	0	0	0	31	13	0	0	0	0	0	0	0
fsh-generated/resources/MedicationAdministration-mii-exa-test-data-patient-12-medadmin-2.json	1986	1	0	0	0	0	0	0	0	2	0	0	0	0	0	0	0	0	0	0	0	30	11	0	0	0	0	0	0	0
fsh-generated/resources/MedicationAdministration-mii-exa-test-data-patient-13-medadmin-1.json	2036	1	0	0	0	0	0	0	0	3	0	0	0	0	0	0	0	0	0	0	0	30	12	0	0	0	0	0	0	0
fsh-generated/resources/MedicationAdministration-mii-exa-test-data-patient-14-medadmin-1.json	2031	1	0	0	1	0	0	0	0	2	0	0	0	0	0	0	0	0	0	0	0	29	13	0	0	0	0	0	0	0
fsh-generated/resources/MedicationAdministration-mii-exa-test-data-patient-2-medadmin-1.json	2069	1	0	0	0	0	0	0	1	2	0	0	0	0	0	0	0	0	0	0	0	29	8	0	0	0	0	0	0	0
fsh-generated/resources/MedicationAdministration-mii-exa-test-data-patient-2-medadmin-2.json	2030	1	0	0	0	0	0	0	0	3	0	0	0	0	0	0	0	0	0	0	0	28	10	0	0	0	0	0	0	0
fsh-generated/resources/MedicationAdministration-mii-exa-test-data-patient-2-medadmin-3.json	2029	1	0	0	0	0	0	0	0	3	0	0	0	0	0	0	0	0	0	0	0	31	11	0	0	0	0	0	0	0
fsh-generated/resources/MedicationAdministration-mii-exa-test-data-patient-3-medadmin-1.json	1656	2	0	0	0	0	0	0	0	2	0	0	0	0	0	0	0	0	0	0	0	29	9	0	0	0	0	0	0	0
fsh-generated/resources/MedicationAdministration-mii-exa-test-data-patient-3-medadmin-2.json	2032	1	0	0	0	0	0	0	0	2	0	0	0	0	0	0	0	0	0	0	0	29	10	0	0	0	0	0	0	0
fsh-generated/resources/MedicationAdministration-mii-exa-test-data-patient-3-medadmin-3.json	2028	1	0	0	1	0	0	0	0	2	0	0	0	0	0	0	0	0	0	0	0	30	10	0	0	0	0	0	0	0
fsh-generated/resources/MedicationAdministration-mii-exa-test-data-patient-4-medadmin-1.json	2024	1	0	0	0	0	0	0	1	2	0	0	0	0	0	0	0	0	0	0	0	29	10	0	0	0	0	0	0	0
fsh-generated/resources/MedicationAdministration-mii-exa-test-data-patient-4-medadmin-2.json	1648	1	0	0	0	0	0	0	0	2	0	0	0	0	0	0	0	0	0	0	0	29	9	0	0	0	0	0	0	0
fsh-generated/resources/MedicationAdministration-mii-exa-test-data-patient-5-medadmin-1.json	1656	1	0	0	1	0	0	0	0	2	0	0	0	0	0	0	0	0	0	0	0	29	10	0	0	0	0	0	0	0
fsh-generated/resources/MedicationAdministration-mii-exa-test-data-patient-5-medadmin-2.json	1656	1	0	0	0	0	0	0	0	2	0	0	0	0	0	0	0	0	0	0	0	28	9	0	0	0	0	0	0	0
fsh-generated/resources/MedicationAdministration-mii-exa-test-data-patient-6-medadmin-1.json	1652	1	0	0	0	0	0	0	0	1	0	0	0	0	0	0	0	0	0	0	0	28	10	0	0	0	0	0	0	0
fsh-generated/resources/MedicationAdministration-mii-exa-test-data-patient-6-medadmin-2.json	1646	1	0	0	0	0	0	0	0	2	0	0	0	0	0	0	0	0	0	0	0	30	9	0	0	0	0	0	0	0
fsh-generated/resources/MedicationAdministration-mii-exa-test-data-patient-7-medadmin-1.json	1678	2	0	0	1	0	0	0	0	2	0	0	0	0	0	0	0	0	0	0	0	31	10	0	0	0	0	0	0	0
fsh-generated/resources/MedicationAdministration-mii-exa-test-data-patient-7-medadmin-2.json	1657	1	0	0	0	0	0	0	0	2	0	0	0	0	0	0	0	0	0	0	0	31	9	0	0	0	0	0	0	0
fsh-generated/resources/MedicationAdministration-mii-exa-test-data-patient-8-medadmin-1.json	1651	1	0	0	0	0	0	0	1	2	0	0	0	0	0	0	0	0	0	0	0	31	10	0	0	0	0	0	0	0
fsh-generated/resources/MedicationAdministration-mii-exa-test-data-patient-8-medadmin-2.json	1642	1	0	0	0	0	0	0	0	2	0	0	0	0	0	0	0	0	0	0	0	31	10	0	0	0	0	0	0	0
fsh-generated/resources/MedicationAdministration-mii-exa-test-data-patient-8-medadmin-3.json	1861	1	0	0	0	0	0	0	0	1	0	0	0	0	0	0	0	0	0	0	0	32	9	0	0	0	0	0	0	0
fsh-generated/resources/MedicationAdministration-mii-exa-test-data-patient-9-medadmin-1.json	1667	1	0	0	1	0	0	0	0	2	0	0	0	0	0	0	0	0	0	0	0	31	10	0	0	0	0	0	0	0
fsh-generated/resources/MedicationAdministration-mii-exa-test-data-patient-9-medadmin-2.json	1880	1	0	0	0	0	0	0	0	2	0	0	0	0	0	0	0	0	0	0	0	30	10	0	0	0	0	0	0	0
fsh-generated/resources/MedicationRequest-mii-exa-test-data-bildgebung-medrequest-1.json	580	1	0	0	0	0	0	0	0	1	0	0	0	0	0	0	0	0	0	0	0	25	5	0	0	0	0	0	0	0
fsh-generated/resources/MedicationRequest-mii-exa-test-data-lungenfunktion-methacholine-anordnung-1.json	748	1	0	0	0	0	0	0	0	2	0	0	0	0	0	0	0	0	0	0	0	27	7	0	0	0	0	0	0	0
fsh-generated/resources/MedicationRequest-mii-exa-test-data-mtb-therapieempfehlung-1.json	6226	1	0	0	0	0	0	0	1	2	0	0	0	0	0	0	0	0	0	0	0	36	14	0	0	0	0	0	0	0
fsh-generated/resources/MedicationRequest-mii-exa-test-data-mtb-therapieempfehlung-2.json	1652	1	0	0	0	0	0	0	0	2	0	0	0	0	0	0	0	0	0	0	0	30	7	0	0	0	0	0	0	0
fsh-generated/resources/MedicationRequest-mii-exa-test-data-mtb-therapieempfehlung-3.json	1512	2	0	0	1	0	0	0	0	1	0	0	0	0	0	0	0	0	0	0	0	28	6	0	0	0	0	0	0	0
fsh-generated/resources/MedicationRequest-mii-exa-test-data-onko-therapieempfehlung-medikation-1.json	5205	1	0	0	0	0	0	0	1	2	0	0	0	0	0	0	0	0	0	0	0	34	14	0	0	0	0	0	0	0
fsh-generated/resources/MedicationRequest-mii-exa-test-data-onko-therapieempfehlung-medikation-2.json	1750	1	0	0	0	0	0	0	0	2	0	0	0	0	0	0	0	0	0	0	0	30	7	0	0	0	0	0	0	0
fsh-generated/resources/MedicationRequest-mii-exa-test-data-onko-therapieempfehlung-niraparib.json	1623	1	0	0	0	0	0	0	0	1	0	0	0	0	0	0	0	0	0	0	0	28	7	0	0	0	0	0	0	0
fsh-generated/resources/MedicationRequest-mii-exa-test-data-patient-1-medrequest-1.json	3439	1	0	0	0	0	0	0	0	2	0	0	0	0	0	0	0	0	0	0	0	31	11	0	0	0	0	0	0	0
fsh-generated/resources/MedicationRequest-mii-exa-test-data-patient-1-medrequest-2.json	2516	1	0	0	0	0	0	0	0	2	0	0	0	0	0	0	0	0	0	0	0	30	10	0	0	0	0	0	0	0
fsh-generated/resources/MedicationRequest-mii-exa-test-data-patient-1-medrequest-3.json	2180	1	0	0	0	0	0	0	1	2	0	0	0	0	0	0	0	0	0	0	0	30	9	0	0	0	0	0	0	0
fsh-generated/resources/MedicationRequest-mii-exa-test-data-patient-1-medrequest-4.json	2559	1	0	0	0	0	0	0	0	2	0	0	0	0	0	0	0	0	0	0	0	30	10	0	0	0	0	0	0	0
fsh-generated/resources/MedicationRequest-mii-exa-test-data-patient-10-medrequest-1.json	1711	1	0	0	1	0	0	0	0	2	0	0	0	0	0	0	0	0	0	0	0	28	9	0	0	0	0	0	0	0
fsh-generated/resources/MedicationRequest-mii-exa-test-data-patient-10-medrequest-2.json	1679	1	0	0	0	0	0	0	0	1	0	0	0	0	0	0	0	0	0	0	0	27	8	0	0	0	0	0	0	0
fsh-generated/resources/MedicationRequest-mii-exa-test-data-patient-11-medrequest-1.json	2071	1	0	0	0	0	0	0	0	5	0	0	0	0	0	0	0	0	0	0	0	30	11	0	0	0	0	0	0	0
fsh-generated/resources/MedicationRequest-mii-exa-test-data-patient-11-medrequest-2.json	2106	1	0	0	0	0	0	0	0	5	0	0	0	0	0	0	0	0	0	0	0	30	11	0	0	0	0	0	0	0
fsh-generated/resources/MedicationRequest-mii-exa-test-data-patient-12-medrequest-1.json	2438	1	0	0	0	0	0	0	1	2	0	0	0	0	0	0	0	0	0	0	0	31	12	0	0	0	0	0	0	0
fsh-generated/resources/MedicationRequest-mii-exa-test-data-patient-12-medrequest-2.json	2725	1	0	0	0	0	0	0	0	2	0	0	0	0	0	0	0	0	0	0	0	36	18	0	0	0	0	0	0	0
fsh-generated/resources/MedicationRequest-mii-exa-test-data-patient-13-medrequest-1.json	2129	1	0	0	1	0	0	0	0	2	0	0	0	0	0	0	0	0	0	0	0	30	11	0	0	0	0	0	0	0
fsh-generated/resources/MedicationRequest-mii-exa-test-data-patient-14-mtb-empfehlung-1.json	2198	1	0	0	0	0	0	0	0	2	0	0	0	0	0	0	0	0	0	0	0	29	9	0	0	0	0	0	0	0
fsh-generated/resources/MedicationRequest-mii-exa-test-data-patient-2-medrequest-1.json	1102	1	0	0	0	0	0	0	0	2	0	0	0	0	0	0	0	0	0	0	0	27	6	0	0	0	0	0	0	0
fsh-generated/resources/MedicationRequest-mii-exa-test-data-patient-2-medrequest-2.json	1135	1	0	0	0	0	0	0	0	2	0	0	0	0	0	0	0	0	0	0	0	27	6	0	0	0	0	0	0	0
fsh-generated/resources/MedicationRequest-mii-exa-test-data-patient-2-medrequest-3.json	1134	1	0	0	0	0	0	0	0	1	0	0	0	0	0	0	0	0	0	0	0	27	7	0	0	0	0	0	0	1
fsh-generated/resources/MedicationRequest-mii-exa-test-data-patient-3-medrequest-1.json	2902	1	0	0	0	0	0	0	1	2	0	0	0	0	0	0	0	0	0	0	0	32	7	0	0	0	0	0	0	0
fsh-generated/resources/MedicationRequest-mii-exa-test-data-patient-3-medrequest-2.json	2038	1	0	0	1	0	0	0	0	2	0	0	0	0	0	0	0	0	0	0	0	29	9	0	0	0	0	0	0	0
fsh-generated/resources/MedicationRequest-mii-exa-test-data-patient-3-medrequest-3.json	2034	1	0	0	0	0	0	0	0	2	0	0	0	0	0	0	0	0	0	0	0	32	10	0	0	0	0	0	0	0
fsh-generated/resources/MedicationRequest-mii-exa-test-data-patient-3-seltene-therapieempfehlung-1.json	9358	2	0	0	0	0	0	0	1	3	0	0	0	0	0	0	0	0	0	0	0	42	15	0	0	0	0	0	0	0
fsh-generated/resources/MedicationRequest-mii-exa-test-data-patient-4-medrequest-1.json	2030	2	0	0	0	0	0	0	0	2	0	0	0	0	0	0	0	0	0	0	0	31	9	0	0	0	0	0	0	0
fsh-generated/resources/MedicationRequest-mii-exa-test-data-patient-4-medrequest-2.json	1721	1	1	0	0	0	0	0	0	3	0	0	0	0	0	0	0	0	0	0	0	31	8	0	0	0	0	0	0	0
fsh-generated/resources/MedicationRequest-mii-exa-test-data-patient-5-medrequest-1.json	1686	3	0	0	0	0	0	0	0	3	0	0	0	0	0	0	0	1	0	0	0	29	9	0	0	0	0	0	0	0
fsh-generated/resources/MedicationRequest-mii-exa-test-data-patient-5-medrequest-2.json	1712	2	0	0	1	0	0	0	0	3	0	0	0	0	0	0	0	0	0	0	0	29	8	0	0	0	0	0	0	0
fsh-generated/resources/MedicationRequest-mii-exa-test-data-patient-6-medrequest-1.json	1725	2	0	0	0	0	0	0	1	4	0	0	0	0	0	0	0	0	0	0	0	29	9	0	0	0	0	0	0	0
fsh-generated/resources/MedicationRequest-mii-exa-test-data-patient-6-medrequest-2.json	1667	2	0	0	0	0	0	0	0	3	0	0	0	0	0	0	0	0	0	0	0	29	10	0	0	0	0	0	0	0
fsh-generated/resources/MedicationRequest-mii-exa-test-data-patient-6-medrequest-3.json	1673	2	0	0	0	0	0	0	0	3	0	0	0	0	0	0	0	0	0	0	0	60	9	0	0	0	0	0	0	0
fsh-generated/resources/MedicationRequest-mii-exa-test-data-patient-7-medrequest-1.json	1708	2	0	0	0	0	0	0	0	3	0	0	0	0	0	0	0	0	0	0	0	42	8	0	0	0	0	0	0	0
fsh-generated/resources/MedicationRequest-mii-exa-test-data-patient-7-medrequest-2.json	1716	2	0	0	1	0	0	0	0	3	0	0	0	0	0	0	0	0	0	0	0	31	8	0	0	0	0	0	0	0
fsh-generated/resources/MedicationRequest-mii-exa-test-data-patient-8-medrequest-1.json	1682	1	0	0	0	0	0	0	0	2	0	0	0	0	0	0	0	0	0	0	0	30	9	0	0	0	0	0	0	0
fsh-generated/resources/MedicationRequest-mii-exa-test-data-patient-8-medrequest-2.json	2409	2	0	0	0	0	0	0	0	2	0	0	0	0	0	0	0	0	0	0	0	31	8	0	0	0	0	0	0	0
fsh-generated/resources/MedicationRequest-mii-exa-test-data-patient-8-medrequest-3.json	1725	1	0	0	0	0	0	0	1	2	0	0	0	0	0	0	0	0	0	0	0	32	8	0	0	0	0	0	0	0
fsh-generated/resources/MedicationRequest-mii-exa-test-data-patient-9-medrequest-1.json	1690	1	0	0	1	0	0	0	0	1	0	0	0	0	0	0	0	0	0	0	0	31	8	0	0	0	0	0	0	0
fsh-generated/resources/MedicationRequest-mii-exa-test-data-patient-9-medrequest-2.json	1716	1	0	0	0	0	0	0	0	2	0	0	0	0	0	0	0	0	0	0	0	30	9	0	0	0	0	0	0	0
fsh-generated/resources/MedicationStatement-mii-exa-test-data-mtb-systemische-therapie-medstatement-1.json	5891	2	0	0	0	0	0	0	0	2	0	0	0	0	0	0	0	0	0	0	0	38	13	0	0	0	0	0	0	0
fsh-generated/resources/MedicationStatement-mii-exa-test-data-mtb-systemische-therapie-medstatement-2.json	1651	1	0	0	0	0	0	0	1	2	0	0	0	0	0	0	0	0	0	0	0	30	6	0	0	0	0	0	0	0
fsh-generated/resources/MedicationStatement-mii-exa-test-data-mtb-systemische-therapie-medstatement-3.json	1553	1	0	0	0	0	0	0	0	1	0	0	0	0	0	0	0	0	0	0	0	30	7	0	0	0	0	0	0	0
fsh-generated/resources/MedicationStatement-mii-exa-test-data-onko-medikation-1.json	5575	1	0	0	0	0	0	0	0	2	0	0	0	0	0	0	0	0	0	0	0	36	14	0	0	0	0	0	0	0
fsh-generated/resources/MedicationStatement-mii-exa-test-data-onko-medikation-2.json	1698	1	0	0	1	0	0	0	0	2	0	0	0	0	0	0	0	0	0	0	0	30	6	0	0	0	0	0	0	0
fsh-generated/resources/MedicationStatement-mii-exa-test-data-onko-medikation-3.json	1591	1	0	0	0	0	0	0	0	1	0	0	0	0	0	0	0	0	0	0	0	29	6	0	0	0	0	0	0	0
fsh-generated/resources/MedicationStatement-mii-exa-test-data-patient-1-medstatement-1.json	3044	1	0	0	0	0	0	0	1	2	0	0	0	0	0	0	0	0	0	0	0	33	9	0	0	0	0	0	0	0
fsh-generated/resources/MedicationStatement-mii-exa-test-data-patient-1-medstatement-2.json	3590	2	0	0	0	0	0	0	0	3	0	0	0	0	0	0	0	0	0	0	0	33	13	0	0	0	0	0	0	0
fsh-generated/resources/MedicationStatement-mii-exa-test-data-patient-1-medstatement-3.json	3265	1	0	0	0	0	0	0	0	2	0	0	0	0	0	0	0	0	0	0	0	36	10	0	0	0	0	0	0	0
fsh-generated/resources/MedicationStatement-mii-exa-test-data-patient-10-medstatement-1.json	2187	1	0	0	0	0	0	0	0	2	0	0	0	0	0	0	0	0	0	0	0	32	10	0	0	0	0	0	0	0
fsh-generated/resources/MedicationStatement-mii-exa-test-data-patient-10-medstatement-2.json	2158	1	0	0	0	0	0	0	1	1	0	0	0	0	0	0	0	0	0	0	0	31	9	0	0	0	0	0	0	0
fsh-generated/resources/MedicationStatement-mii-exa-test-data-patient-11-medstatement-1.json	2402	1	0	0	0	0	0	0	0	5	0	0	0	0	0	0	0	0	0	0	0	33	12	0	0	0	0	0	0	0
fsh-generated/resources/MedicationStatement-mii-exa-test-data-patient-11-medstatement-2.json	2304	1	0	0	1	0	0	0	0	4	0	0	0	0	0	0	0	0	0	0	0	31	13	0	0	0	0	0	0	0
fsh-generated/resources/MedicationStatement-mii-exa-test-data-patient-11-medstatement-3.json	2349	1	0	0	0	0	0	0	0	5	0	0	0	0	0	0	0	0	0	0	0	32	12	0	0	0	0	0	0	0
fsh-generated/resources/MedicationStatement-mii-exa-test-data-patient-12-medstatement-1.json	2313	1	0	0	0	0	0	0	0	2	0	0	0	0	0	0	0	0	0	0	0	32	12	0	0	0	0	0	0	0
fsh-generated/resources/MedicationStatement-mii-exa-test-data-patient-2-medstatement-1.json	1580	1	0	0	0	0	0	0	1	2	0	0	0	0	0	0	0	0	0	0	0	30	8	0	0	0	0	0	0	0
fsh-generated/resources/MedicationStatement-mii-exa-test-data-patient-2-medstatement-2.json	1595	1	0	0	0	0	0	0	0	2	0	0	0	0	0	0	0	0	0	0	0	31	7	0	0	0	0	0	0	0
fsh-generated/resources/MedicationStatement-mii-exa-test-data-patient-2-medstatement-3.json	1594	1	0	0	0	0	0	0	0	2	0	0	0	0	0	0	0	0	0	0	0	30	8	0	0	0	0	0	0	0
fsh-generated/resources/MedicationStatement-mii-exa-test-data-patient-2-medstatement-4.json	1283	1	0	0	1	0	0	0	0	2	0	0	0	0	0	0	0	0	0	0	0	29	4	0	0	0	0	0	0	0
fsh-generated/resources/MedicationStatement-mii-exa-test-data-patient-2-medstatement-5.json	1275	1	0	0	0	0	0	0	0	1	0	0	0	0	0	0	0	0	0	0	0	30	5	0	0	0	0	0	0	0
fsh-generated/resources/MedicationStatement-mii-exa-test-data-patient-3-medstatement-1.json	2810	1	0	0	0	0	0	0	0	2	0	0	0	0	0	0	0	0	0	0	0	34	10	0	0	0	0	0	0	0
fsh-generated/resources/MedicationStatement-mii-exa-test-data-patient-3-medstatement-2.json	2559	2	0	0	0	0	0	0	0	3	0	0	0	0	0	0	0	0	0	0	0	32	10	0	0	0	0	0	0	0
fsh-generated/resources/MedicationStatement-mii-exa-test-data-patient-3-medstatement-3.json	2554	1	0	0	0	0	0	0	1	2	0	0	0	0	0	0	0	0	0	0	0	32	12	0	0	0	0	0	0	0
fsh-generated/resources/MedicationStatement-mii-exa-test-data-patient-3-medstatement-4.json	2145	1	0	0	0	0	0	0	0	2	0	0	0	0	0	0	0	0	0	0	0	31	9	0	0	0	0	0	0	0
fsh-generated/resources/MedicationStatement-mii-exa-test-data-patient-4-medstatement-1.json	2550	1	0	0	1	0	0	0	0	2	0	0	0	0	0	0	0	0	0	0	0	32	10	0	0	0	0	0	0	0
fsh-generated/resources/MedicationStatement-mii-exa-test-data-patient-4-medstatement-2.json	2199	1	0	0	0	0	0	0	0	2	0	0	0	0	0	0	0	0	0	0	0	32	9	0	0	0	0	0	0	0
fsh-generated/resources/MedicationStatement-mii-exa-test-data-patient-5-medstatement-1.json	2166	1	0	0	0	0	0	0	0	2	0	0	0	0	0	0	0	0	0	0	0	32	10	0	0	0	0	0	0	1
fsh-generated/resources/MedicationStatement-mii-exa-test-data-patient-5-medstatement-2.json	2190	1	0	0	0	0	0	0	1	2	0	0	0	0	0	0	0	0	0	0	0	32	10	0	0	0	0	0	0	0
fsh-generated/resources/MedicationStatement-mii-exa-test-data-patient-6-medstatement-1.json	2206	2	0	0	0	0	0	0	0	2	0	0	0	0	0	0	0	0	0	0	0	36	10	0	0	0	0	0	0	0
fsh-generated/resources/MedicationStatement-mii-exa-test-data-patient-6-medstatement-2.json	2148	1	0	0	1	0	0	0	0	2	0	0	0	0	0	0	0	0	0	0	0	32	10	0	0	0	0	0	0	0
fsh-generated/resources/MedicationStatement-mii-exa-test-data-patient-6-medstatement-3.json	2154	1	0	0	0	0	0	0	0	2	0	0	0	0	0	0	0	0	0	0	0	31	9	0	0	0	0	0	0	0
fsh-generated/resources/MedicationStatement-mii-exa-test-data-patient-7-medstatement-1.json	2188	1	0	0	0	0	0	0	0	2	0	0	0	0	0	0	0	0	0	0	0	31	10	0	0	0	0	0	0	0
fsh-generated/resources/MedicationStatement-mii-exa-test-data-patient-7-medstatement-2.json	2194	1	0	0	0	0	0	0	0	2	0	0	0	0	0	0	0	0	0	0	0	32	11	0	0	0	0	0	0	0
fsh-generated/resources/MedicationStatement-mii-exa-test-data-patient-8-medstatement-1.json	2162	1	0	0	0	0	0	0	1	1	0	0	0	0	0	0	0	0	0	0	0	31	10	0	0	0	0	0	0	0
fsh-generated/resources/MedicationStatement-mii-exa-test-data-patient-8-medstatement-2.json	2144	2	0	0	1	0	0	0	0	2	0	0	0	0	0	0	0	0	0	0	0	31	10	0	0	0	0	0	0	0
fsh-generated/resources/MedicationStatement-mii-exa-test-data-patient-8-medstatement-3.json	2206	1	0	0	0	0	0	0	0	2	0	0	0	0	0	0	0	0	0	0	0	32	11	0	0	0	0	0	0	0
fsh-generated/resources/MedicationStatement-mii-exa-test-data-patient-9-medstatement-1.json	2166	1	0	0	0	0	0	0	0	2	0	0	0	0	0	0	0	0	0	0	0	31	10	0	0	0	0	0	0	0
fsh-generated/resources/MedicationStatement-mii-exa-test-data-patient-9-medstatement-2.json	1836	1	0	0	0	0	0	0	0	2	0	0	0	0	0	0	0	0	0	0	0	30	8	0	0	0	0	0	0	0
fsh-generated/resources/Observation-mii-exa-test-data-bildgebung-labobs-1.json	697	1	0	0	0	0	0	0	0	1	0	0	0	0	0	0	0	0	0	0	0	27	5	0	0	0	0	0	0	0
fsh-generated/resources/Observation-mii-exa-test-data-biobank-dna-konzentration-1.json	994	0	0	0	0	0	0	0	0	2	0	0	0	0	0	0	0	0	0	0	0	29	5	0	0	0	0	0	0	0
fsh-generated/resources/Observation-mii-exa-test-data-biobank-karyotyp-1.json	1017	1	0	0	0	0	0	0	0	2	0	0	0	0	0	0	0	0	0	0	0	28	7	0	0	0	0	0	0	0
fsh-generated/resources/Observation-mii-exa-test-data-biobank-morphologie-1.json	1067	0	0	0	0	0	0	0	1	1	0	0	0	0	0	0	0	0	0	0	0	29	8	0	0	0	0	0	0	0
fsh-generated/resources/Observation-mii-exa-test-data-biobank-proliferation-1.json	1056	1	0	0	0	0	0	0	0	2	0	0	0	0	0	0	0	0	0	0	0	34	6	0	0	0	1	0	0	0
fsh-generated/resources/Observation-mii-exa-test-data-biobank-qualitaetspruefung-1.json	1769	0	0	0	0	0	0	0	0	1	0	0	0	0	0	0	0	0	0	0	0	29	7	0	0	0	0	0	0	0
fsh-generated/resources/Observation-mii-exa-test-data-biobank-wachstumstyp-1.json	1076	1	0	0	0	0	0	0	0	2	0	0	0	0	0	0	0	0	0	0	0	29	7	0	0	0	0	0	0	0
fsh-generated/resources/Observation-mii-exa-test-data-isik-vitalparameter-alkoholabusus-1.json	1471	1	0	0	0	0	0	0	0	1	0	0	0	0	0	0	0	0	0	0	0	29	7	0	0	0	0	0	0	0
fsh-generated/resources/Observation-mii-exa-test-data-isik-vitalparameter-atemfrequenz-1.json	1659	0	0	0	0	0	0	0	0	2	0	0	0	0	0	0	0	0	0	0	0	33	6	0	0	0	0	0	0	0
fsh-generated/resources/Observation-mii-exa-test-data-isik-vitalparameter-blutdruck-1.json	3264	1	0	0	0	0	0	0	0	1	0	0	0	0	0	0	0	0	0	0	0	32	7	0	0	0	0	0	0	0
fsh-generated/resources/Observation-mii-exa-test-data-isik-vitalparameter-ekg-1.json	3094	1	0	0	0	0	0	0	1	2	0	0	0	0	0	0	0	0	0	0	0	31	7	0	0	0	0	0	0	0
fsh-generated/resources/Observation-mii-exa-test-data-isik-vitalparameter-entbindungstermin-1.json	1222	1	0	0	0	0	0	0	0	1	0	0	0	0	0	0	0	0	0	0	0	28	6	0	0	0	0	0	0	0
fsh-generated/resources/Observation-mii-exa-test-data-isik-vitalparameter-gcs-1.json	2977	1	0	0	1	0	0	0	0	2	0	0	0	0	0	0	0	0	0	0	0	32	7	0	0	0	0	0	0	0
fsh-generated/resources/Observation-mii-exa-test-data-isik-vitalparameter-gewicht-percentil-1.json	1679	1	0	0	0	0	0	0	0	1	0	0	0	0	0	0	0	0	0	0	0	30	7	0	0	0	0	0	0	0
fsh-generated/resources/Observation-mii-exa-test-data-isik-vitalparameter-groesse-percentil-1.json	1549	1	0	0	0	0	0	0	0	2	0	0	0	0	0	0	0	0	0	0	0	29	7	0	0	0	0	0	0	0
fsh-generated/resources/Observation-mii-exa-test-data-isik-vitalparameter-herzfrequenz-1.json	1648	1	0	0	0	0	0	0	0	1	0	0	0	0	0	0	0	0	0	0	0	29	6	0	0	0	0	0	0	0
fsh-generated/resources/Observation-mii-exa-test-data-isik-vitalparameter-hzv-1.json	1539	0	0	0	0	0	0	0	1	2	0	0	0	0	0	0	0	0	0	0	0	30	7	0	0	0	0	0	0	0
fsh-generated/resources/Observation-mii-exa-test-data-isik-vitalparameter-icp-1.json	1746	1	0	0	0	0	0	0	0	1	0	0	0	0	0	0	0	0	0	0	0	40	6	0	0	0	0	0	0	0
fsh-generated/resources/Observation-mii-exa-test-data-isik-vitalparameter-ideales-gewicht-1.json	1537	1	0	0	0	0	0	0	0	1	0	0	0	0	0	0	0	0	0	0	0	29	6	0	0	0	0	0	0	0
fsh-generated/resources/Observation-mii-exa-test-data-isik-vitalparameter-kerntemp-stirn-1.json	1785	0	0	0	0	0	0	0	0	2	0	0	0	0	0	0	0	0	0	0	0	31	7	0	0	0	0	0	0	0
fsh-generated/resources/Observation-mii-exa-test-data-isik-vitalparameter-koerpergewicht-1.json	1646	1	0	0	0	0	0	0	0	1	0	0	0	0	0	0	0	0	0	0	0	30	6	0	0	0	0	0	0	0
fsh-generated/resources/Observation-mii-exa-test-data-isik-vitalparameter-koerpergroesse-1.json	1651	1	0	0	0	0	0	0	0	2	0	0	0	0	0	0	0	0	0	0	0	30	6	0	0	0	0	0	0	0
fsh-generated/resources/Observation-mii-exa-test-data-isik-vitalparameter-koerperkerntemperatur-1.json	1790	0	0	0	0	0	0	0	0	1	0	0	0	0	0	0	0	0	0	0	0	32	7	0	0	0	0	0	0	0
fsh-generated/resources/Observation-mii-exa-test-data-isik-vitalparameter-kopfumfang-1.json	1671	1	0	0	0	0	0	0	1	1	0	0	0	0	0	0	0	0	0	0	0	33	6	0	0	0	0	0	0	0
fsh-generated/resources/Observation-mii-exa-test-data-isik-vitalparameter-labor-crp-1.json	2556	1	0	0	0	0	0	0	0	2	0	0	0	0	0	0	0	0	0	0	0	32	7	0	0	0	0	0	0	0
fsh-generated/resources/Observation-mii-exa-test-data-isik-vitalparameter-labor-generisch-1.json	2509	1	0	0	0	0	0	0	0	2	0	0	0	0	0	0	0	0	0	0	0	31	7	0	0	0	0	0	0	0
fsh-generated/resources/Observation-mii-exa-test-data-isik-vitalparameter-labor-gfr-1.json	2246	1	0	0	0	0	0	0	0	1	0	0	0	0	0	0	0	0	0	0	0	31	6	0	0	0	0	0	0	0
fsh-generated/resources/Observation-mii-exa-test-data-isik-vitalparameter-labor-hb-1.json	2679	1	0	0	0	0	0	0	0	2	0	0	0	0	0	0	0	1	0	0	0	32	7	0	0	0	0	0	0	0
fsh-generated/resources/Observation-mii-exa-test-data-isik-vitalparameter-labor-kreatinin-1.json	2127	0	0	0	0	0	0	0	1	1	0	0	0	0	0	0	0	0	0	0	0	29	7	0	0	0	0	0	0	0
fsh-generated/resources/Observation-mii-exa-test-data-isik-vitalparameter-labor-natrium-1.json	1969	1	0	0	0	0	0	0	0	1	0	0	0	0	0	0	0	0	0	0	0	30	6	0	0	0	0	0	0	0
fsh-generated/resources/Observation-mii-exa-test-data-isik-vitalparameter-labor-pct-1.json	2123	1	0	0	0	0	0	0	0	2	0	0	0	0	0	0	0	0	0	0	0	31	6	0	0	0	0	0	0	0
fsh-generated/resources/Observation-mii-exa-test-data-isik-vitalparameter-labor-thrombozyten-1.json	2139	0	0	0	0	0	0	0	0	1	0	0	0	0	0	0	0	0	0	0	0	31	7	0	0	0	0	0	0	0
fsh-generated/resources/Observation-mii-exa-test-data-isik-vitalparameter-labor-troponin-1.json	2130	1	0	0	0	0	0	0	0	2	0	0	0	0	0	0	0	0	0	0	0	30	7	0	0	0	0	0	0	0
fsh-generated/resources/Observation-mii-exa-test-data-isik-vitalparameter-labor-tsh-1.json	2710	1	0	0	0	0	0	0	0	1	0	0	0	0	0	0	0	0	0	0	0	31	6	0	0	0	0	0	0	0
fsh-generated/resources/Observation-mii-exa-test-data-isik-vitalparameter-lap-1.json	3747	1	0	0	0	0	0	0	1	2	0	0	0	0	0	0	0	0	0	0	0	33	7	0	0	0	0	0	0	0
fsh-generated/resources/Observation-mii-exa-test-data-isik-vitalparameter-lv-herzindex-1.json	1785	0	0	0	0	0	0	0	0	1	0	0	0	0	0	0	0	0	0	0	0	43	6	0	0	0	0	0	0	0
fsh-generated/resources/Observation-mii-exa-test-data-isik-vitalparameter-lv-hi-ind-1.json	1383	1	0	0	0	0	0	0	0	1	0	0	0	0	0	0	0	0	0	0	0	30	6	0	0	0	0	0	0	0
fsh-generated/resources/Observation-mii-exa-test-data-isik-vitalparameter-lv-hzv-ind-1.json	1364	1	0	0	0	0	0	0	0	2	0	0	0	0	0	0	0	0	0	0	0	29	7	0	0	0	0	0	0	0
fsh-generated/resources/Observation-mii-exa-test-data-isik-vitalparameter-lv-schlagvolumen-1.json	1722	0	0	0	0	0	0	0	0	1	0	0	0	0	0	0	0	0	0	0	0	30	8	0	0	0	0	0	0	0
fsh-generated/resources/Observation-mii-exa-test-data-isik-vitalparameter-lv-sv-ind-1.json	1357	1	0	0	0	0	0	0	0	1	0	0	0	0	0	0	0	0	0	0	0	29	7	0	0	0	0	0	0	0
fsh-generated/resources/Observation-mii-exa-test-data-isik-vitalparameter-lv-svi-1.json	1640	1	0	0	0	0	0	0	1	2	0	0	0	0	0	0	0	0	0	0	0	31	7	0	0	0	0	0	0	0
fsh-generated/resources/Observation-mii-exa-test-data-isik-vitalparameter-lv-svi-ind-1.json	1382	0	0	0	0	0	0	0	0	1	0	0	0	0	0	0	0	0	0	0	0	29	6	0	0	0	0	0	0	0
fsh-generated/resources/Observation-mii-exa-test-data-isik-vitalparameter-lvp-1.json	3445	1	0	0	0	0	0	0	0	2	0	0	0	0	0	0	0	0	0	0	0	32	8	0	0	0	0	0	0	0
fsh-generated/resources/Observation-mii-exa-test-data-isik-vitalparameter-muv-generisch-1.json	1442	1	0	0	0	0	0	0	0	1	0	0	0	0	0	0	0	0	0	0	0	30	6	0	0	0	0	0	0	0
fsh-generated/resources/Observation-mii-exa-test-data-isik-vitalparameter-o2sat-art-1.json	1842	0	0	0	0	0	0	0	0	1	0	0	0	0	0	0	0	0	0	0	0	30	6	0	0	0	0	0	0	0
fsh-generated/resources/Observation-mii-exa-test-data-isik-vitalparameter-o2sat-postduktal-1.json	1454	1	0	0	1	0	0	0	0	2	0	0	0	0	0	0	0	0	0	0	0	30	6	0	0	0	0	0	0	1
fsh-generated/resources/Observation-mii-exa-test-data-isik-vitalparameter-o2sat-praeduktal-1.json	1452	1	0	0	0	0	0	0	0	1	0	0	0	0	0	0	0	0	0	0	0	30	7	0	0	0	0	0	0	0
fsh-generated/resources/Observation-mii-exa-test-data-isik-vitalparameter-pap-1.json	3785	0	0	0	0	0	0	0	1	1	0	0	0	0	0	0	0	0	0	0	0	33	7	0	0	0	0	0	0	0
fsh-generated/resources/Observation-mii-exa-test-data-isik-vitalparameter-puls-1.json	1571	1	0	0	0	0	0	0	0	2	0	0	0	0	0	0	0	0	0	0	0	30	7	0	0	0	0	0	0	0
fsh-generated/resources/Observation-mii-exa-test-data-isik-vitalparameter-pulsatil-generisch-1.json	3060	1	0	0	0	0	0	0	0	1	0	0	0	0	0	0	0	0	0	0	0	32	6	0	0	0	0	0	0	0
fsh-generated/resources/Observation-mii-exa-test-data-isik-vitalparameter-pvri-1.json	1622	0	0	0	0	0	0	0	0	2	0	0	0	0	0	0	0	0	0	0	0	30	7	0	0	0	0	0	0	0
fsh-generated/resources/Observation-mii-exa-test-data-isik-vitalparameter-rap-1.json	3749	1	0	0	0	0	0	0	1	1	0	0	0	0	0	0	0	0	0	0	0	33	7	0	0	0	0	0	0	0
fsh-generated/resources/Observation-mii-exa-test-data-isik-vitalparameter-rvp-1.json	3650	1	0	0	0	0	0	0	0	1	0	0	0	0	0	0	0	0	0	0	0	33	8	0	0	0	0	0	0	0
fsh-generated/resources/Observation-mii-exa-test-data-isik-vitalparameter-sauerstoffsaettigung-1.json	1869	1	0	0	0	0	0	0	0	2	0	0	0	0	0	0	0	0	0	0	0	29	7	0	0	0	0	0	0	0
fsh-generated/resources/Observation-mii-exa-test-data-isik-vitalparameter-schwangerschaft-1.json	1332	0	0	0	0	0	0	0	0	1	0	0	0	0	0	0	0	0	0	0	0	31	8	0	0	0	0	0	0	0
fsh-generated/resources/Observation-mii-exa-test-data-isik-vitalparameter-stillstatus-1.json	1480	1	0	0	0	0	0	0	0	2	0	0	0	0	0	0	0	0	0	0	0	30	6	0	0	0	0	0	0	0
fsh-generated/resources/Observation-mii-exa-test-data-isik-vitalparameter-svri-1.json	1626	1	0	0	0	0	0	0	0	1	0	0	0	0	0	0	0	0	0	0	0	30	6	0	0	0	0	0	0	0
fsh-generated/resources/Observation-mii-exa-test-data-isik-vitalparameter-temp-achsel-1.json	1859	1	0	0	0	0	0	0	1	1	0	0	0	0	0	0	0	0	0	0	0	30	8	0	0	0	0	0	0	0
fsh-generated/resources/Observation-mii-exa-test-data-isik-vitalparameter-temp-atemwege-1.json	1703	0	0	0	0	0	0	0	0	2	0	0	0	0	0	0	0	0	0	0	0	30	6	0	0	0	0	0	0	0
fsh-generated/resources/Observation-mii-exa-test-data-isik-vitalparameter-temp-blut-1.json	1806	1	0	0	0	0	0	0	0	2	0	0	0	0	0	0	0	0	0	0	0	30	7	0	0	0	0	0	0	0
fsh-generated/resources/Observation-mii-exa-test-data-isik-vitalparameter-temp-brust-1.json	1614	1	0	0	0	0	0	0	0	1	0	0	0	0	0	0	0	0	0	0	0	30	7	0	0	0	0	0	0	0
fsh-generated/resources/Observation-mii-exa-test-data-isik-vitalparameter-temp-bws-1.json	1624	0	0	0	0	0	0	0	0	2	0	0	0	0	0	0	0	0	0	0	0	30	6	0	0	0	0	0	0	0
fsh-generated/resources/Observation-mii-exa-test-data-isik-vitalparameter-temp-gelenk-1.json	1614	1	0	0	0	0	0	0	0	1	0	0	0	0	0	0	0	0	0	0	0	30	6	0	0	0	0	0	0	0
fsh-generated/resources/Observation-mii-exa-test-data-isik-vitalparameter-temp-generisch-1.json	1304	1	0	0	0	0	0	0	0	2	0	0	0	0	0	0	0	0	0	0	0	29	7	0	0	0	0	0	0	0
fsh-generated/resources/Observation-mii-exa-test-data-isik-vitalparameter-temp-harnblase-1.json	1925	1	0	0	0	0	0	0	1	1	0	0	0	0	0	0	0	0	0	0	0	30	7	0	0	0	0	0	0	0
fsh-generated/resources/Observation-mii-exa-test-data-isik-vitalparameter-temp-hws-1.json	1637	0	0	0	0	0	0	0	0	2	0	0	0	0	0	0	0	0	0	0	0	32	6	0	0	0	0	0	0	0
fsh-generated/resources/Observation-mii-exa-test-data-isik-vitalparameter-temp-kern-1.json	1666	1	0	0	0	0	0	0	0	1	0	0	0	0	0	0	0	0	0	0	0	30	7	0	0	0	0	0	0	0
fsh-generated/resources/Observation-mii-exa-test-data-isik-vitalparameter-temp-leiste-1.json	1879	1	0	0	0	0	0	0	0	1	0	0	0	0	0	0	0	0	0	0	0	31	6	0	0	0	0	0	0	0
fsh-generated/resources/Observation-mii-exa-test-data-isik-vitalparameter-temp-lws-1.json	1644	0	0	0	0	0	0	0	0	2	0	0	0	0	0	0	0	0	0	0	0	30	7	0	0	0	0	0	0	0
fsh-generated/resources/Observation-mii-exa-test-data-isik-vitalparameter-temp-myokard-1.json	1707	1	0	0	0	0	0	0	0	1	0	0	0	0	0	0	0	0	0	0	0	30	6	0	0	0	0	0	0	0
fsh-generated/resources/Observation-mii-exa-test-data-isik-vitalparameter-temp-nasal-1.json	1695	1	0	0	0	0	0	0	0	1	0	0	0	0	0	0	0	0	0	0	0	87	7	0	0	0	0	0	0	0
fsh-generated/resources/Observation-mii-exa-test-data-isik-vitalparameter-temp-nasopharynx-1.json	1869	0	0	0	0	0	0	0	1	2	0	0	0	0	0	0	0	0	0	0	0	31	6	0	0	0	0	0	0	0
fsh-generated/resources/Observation-mii-exa-test-data-isik-vitalparameter-temp-oesophagus-1.json	2018	1	0	0	0	0	0	0	0	1	0	0	0	0	0	0	0	0	0	0	0	30	6	0	0	0	0	0	0	0
fsh-generated/resources/Observation-mii-exa-test-data-isik-vitalparameter-temp-rektal-1.json	1954	1	0	0	1	0	0	0	0	1	0	0	0	0	0	0	0	0	0	0	0	30	6	0	0	0	0	0	0	0
fsh-generated/resources/Observation-mii-exa-test-data-isik-vitalparameter-temp-stirn-1.json	1618	0	0	0	0	0	0	0	0	2	0	0	0	0	0	0	0	0	0	0	0	32	6	0	0	0	0	0	0	0
fsh-generated/resources/Observation-mii-exa-test-data-isik-vitalparameter-temp-sublingual-1.json	1953	1	0	0	0	0	0	0	0	2	0	0	0	0	0	0	0	0	0	0	0	28	6	0	0	0	0	0	0	0
fsh-generated/resources/Observation-mii-exa-test-data-isik-vitalparameter-temp-trommelfell-1.json	2039	1	0	0	0	0	0	0	0	1	0	0	0	0	0	0	0	0	0	0	0	28	6	0	0	0	0	0	0	0
fsh-generated/resources/Observation-mii-exa-test-data-isik-vitalparameter-temp-vaginal-1.json	1748	0	0	0	0	0	0	0	1	2	0	0	0	0	0	0	0	0	0	0	0	29	6	0	0	0	0	0	0	0
fsh-generated/resources/Observation-mii-exa-test-data-isik-vitalparameter-wedge-1.json	1758	1	0	0	0	0	0	0	0	1	0	0	0	0	0	0	0	0	0	0	0	29	6	0	0	0	0	0	0	0
fsh-generated/resources/Observation-mii-exa-test-data-isik-vitalparameter-zvd-1.json	1757	2	0	0	0	0	0	0	0	2	0	0	0	0	0	0	0	0	0	0	0	28	7	0	0	0	0	0	0	0
fsh-generated/resources/Observation-mii-exa-test-data-kardiologie-erstereignis-1.json	2021	1	0	0	0	0	0	0	0	1	0	0	0	0	0	0	0	0	0	0	0	28	4	0	0	0	0	0	0	0
fsh-generated/resources/Observation-mii-exa-test-data-kardiologie-geraeteprogrammierung-1.json	1267	1	0	0	0	0	0	0	0	2	0	0	0	0	0	0	0	0	0	0	0	28	6	0	0	0	0	0	0	0
fsh-generated/resources/Observation-mii-exa-test-data-kardiologie-htx-nein-1.json	1690	1	0	0	0	0	0	0	0	1	0	0	0	0	0	0	0	0	0	0	0	29	5	0	0	0	0	0	0	0
fsh-generated/resources/Observation-mii-exa-test-data-kardiologie-kh-aufenthalte-1.json	1623	1	0	0	0	0	0	0	0	2	0	0	0	0	0	0	0	0	0	0	0	30	5	0	0	0	0	0	0	0
fsh-generated/resources/Observation-mii-exa-test-data-kardiologie-lvef-1.json	2482	2	0	0	0	0	0	0	1	1	0	0	0	0	0	0	0	0	0	0	0	29	5	0	0	0	0	0	0	0
fsh-generated/resources/Observation-mii-exa-test-data-kardiologie-mrs-1.json	1717	1	0	0	0	0	0	0	0	2	0	0	0	0	0	0	0	0	0	0	0	28	6	0	0	0	0	0	0	0
fsh-generated/resources/Observation-mii-exa-test-data-kardiologie-nyha-1.json	1924	1	0	0	0	0	0	0	0	1	0	0	0	0	0	0	0	0	0	0	0	28	6	0	0	0	0	0	0	0
fsh-generated/resources/Observation-mii-exa-test-data-kardiologie-rauchen-1.json	3210	1	0	0	0	0	0	0	0	2	0	0	0	0	0	0	0	0	0	0	0	29	7	0	0	0	0	0	0	0
fsh-generated/resources/Observation-mii-exa-test-data-lungenfunktion-bf-1.json	2586	1	0	0	0	0	0	0	0	2	0	0	0	0	0	0	0	0	0	0	0	30	9	0	0	0	0	0	0	0
fsh-generated/resources/Observation-mii-exa-test-data-lungenfunktion-bf-prov-1.json	2349	1	0	0	0	0	0	0	0	1	0	0	0	0	0	0	0	0	0	0	0	28	6	0	0	0	0	0	0	0
fsh-generated/resources/Observation-mii-exa-test-data-lungenfunktion-co2-1.json	1594	1	0	0	1	0	0	0	1	2	0	0	0	0	0	0	0	0	0	0	0	28	6	0	0	0	0	0	0	0
fsh-generated/resources/Observation-mii-exa-test-data-lungenfunktion-dlco-1.json	3438	1	0	0	0	0	0	0	0	2	0	0	0	0	0	0	0	0	0	0	0	31	9	0	0	0	0	0	0	0
fsh-generated/resources/Observation-mii-exa-test-data-lungenfunktion-dlcoc-1.json	2966	0	0	0	0	0	0	0	0	2	0	0	0	0	0	0	0	0	0	0	0	31	11	0	0	0	0	0	0	0
fsh-generated/resources/Observation-mii-exa-test-data-lungenfunktion-dosis-kumuliert-1.json	1797	1	0	0	0	0	0	0	0	2	0	0	0	0	0	0	0	0	0	0	0	27	6	0	0	0	0	0	0	0
fsh-generated/resources/Observation-mii-exa-test-data-lungenfunktion-dosis-schwellwert-1.json	1798	1	0	0	0	0	0	0	0	1	0	0	0	0	0	0	0	0	0	0	0	29	6	0	0	0	0	0	0	0
fsh-generated/resources/Observation-mii-exa-test-data-lungenfunktion-fev-1.json	4272	1	0	0	0	0	0	0	1	2	0	0	0	0	0	0	0	0	0	0	0	33	11	0	0	0	0	0	0	0
fsh-generated/resources/Observation-mii-exa-test-data-lungenfunktion-fev-fvc-1.json	3371	1	0	0	0	0	0	0	0	2	0	0	0	0	0	0	0	0	0	0	0	33	12	0	0	0	0	0	0	0
fsh-generated/resources/Observation-mii-exa-test-data-lungenfunktion-fev-prov-1.json	1869	0	0	0	0	0	0	0	0	1	0	0	0	0	0	0	0	0	0	0	0	30	4	0	0	0	0	0	0	0
fsh-generated/resources/Observation-mii-exa-test-data-lungenfunktion-fev-prov-2.json	1868	1	0	0	0	0	0	0	0	1	0	0	0	0	0	0	0	0	0	0	0	29	5	0	0	0	0	0	0	0
fsh-generated/resources/Observation-mii-exa-test-data-lungenfunktion-frc-1.json	2945	1	0	0	0	0	0	0	0	2	0	0	0	0	0	0	0	0	0	0	0	32	9	0	0	0	0	0	0	0
fsh-generated/resources/Observation-mii-exa-test-data-lungenfunktion-frc-prov-1.json	1889	1	0	0	0	0	0	0	1	3	0	0	0	0	0	0	0	0	0	0	0	28	5	0	0	0	0	0	0	1
fsh-generated/resources/Observation-mii-exa-test-data-lungenfunktion-fvc-1.json	3946	0	0	0	0	0	0	0	0	2	0	0	0	0	0	0	0	0	0	0	0	32	11	0	0	0	0	0	0	0
fsh-generated/resources/Observation-mii-exa-test-data-lungenfunktion-gewicht-1.json	3275	1	0	0	0	0	0	0	0	2	0	0	0	0	0	0	0	0	0	0	0	31	9	0	0	0	0	0	0	0
fsh-generated/resources/Observation-mii-exa-test-data-lungenfunktion-gewicht-2.json	1883	1	0	0	0	0	0	0	0	1	0	0	0	0	0	0	0	0	0	0	0	28	6	0	0	0	0	0	0	0
fsh-generated/resources/Observation-mii-exa-test-data-lungenfunktion-hb-1.json	2498	1	0	0	0	0	0	0	1	2	0	0	0	0	0	0	0	0	0	0	0	33	9	0	0	0	0	0	0	0
fsh-generated/resources/Observation-mii-exa-test-data-lungenfunktion-hb-2.json	2267	0	0	0	0	0	0	0	0	2	0	0	0	0	0	0	0	0	0	0	0	29	6	0	0	0	0	0	0	0
fsh-generated/resources/Observation-mii-exa-test-data-lungenfunktion-ic-1.json	3367	1	0	0	0	0	0	0	0	1	0	0	0	0	0	0	0	0	0	0	0	32	11	0	0	0	0	0	0	0
fsh-generated/resources/Observation-mii-exa-test-data-lungenfunktion-irv-erv-1.json	2977	1	0	0	0	0	0	0	0	2	0	0	0	0	0	0	0	1	0	0	0	30	11	0	0	0	0	0	0	0
fsh-generated/resources/Observation-mii-exa-test-data-lungenfunktion-kco-1.json	3602	1	0	0	0	0	0	0	0	2	0	0	0	0	0	0	0	0	0	0	0	32	12	0	0	0	0	0	0	0
fsh-generated/resources/Observation-mii-exa-test-data-lungenfunktion-kcoc-1.json	3160	1	0	0	0	0	0	0	1	2	0	0	0	0	0	0	0	0	0	0	0	31	13	0	0	0	0	0	0	0
fsh-generated/resources/Observation-mii-exa-test-data-lungenfunktion-luftfeuchtigkeit-1.json	1579	0	0	0	0	0	0	0	0	1	0	0	0	0	0	0	0	0	0	0	0	28	6	0	0	0	0	0	0	0
fsh-generated/resources/Observation-mii-exa-test-data-lungenfunktion-lufttemperatur-1.json	1597	1	0	0	1	0	0	0	0	2	0	0	0	0	0	0	0	0	0	0	0	28	6	0	0	0	0	0	0	0
fsh-generated/resources/Observation-mii-exa-test-data-lungenfunktion-mef-1.json	3043	1	0	0	0	0	0	0	0	2	0	0	0	0	0	0	0	0	0	0	0	32	9	0	0	0	0	0	0	0
fsh-generated/resources/Observation-mii-exa-test-data-lungenfunktion-pef-1.json	3690	1	0	0	0	0	0	0	0	2	0	0	0	0	0	0	0	0	0	0	0	31	9	0	0	0	0	0	0	0
fsh-generated/resources/Observation-mii-exa-test-data-lungenfunktion-pef-prov-1.json	1887	1	0	0	0	0	0	0	1	1	0	0	0	0	0	0	0	0	0	0	0	29	5	0	0	0	0	0	0	0
fsh-generated/resources/Observation-mii-exa-test-data-lungenfunktion-r-1.json	3005	0	0	0	0	0	0	0	0	2	0	0	0	0	0	0	0	0	0	0	0	31	9	0	0	0	0	0	0	0
fsh-generated/resources/Observation-mii-exa-test-data-lungenfunktion-r-prov-1.json	1891	1	0	0	0	0	0	0	0	1	0	0	0	0	0	0	0	0	0	0	0	29	5	0	0	0	0	0	0	0
fsh-generated/resources/Observation-mii-exa-test-data-lungenfunktion-rv-1.json	3354	1	0	0	0	0	0	0	0	3	0	0	0	0	0	0	0	0	0	0	0	33	10	0	0	0	0	0	0	0
fsh-generated/resources/Observation-mii-exa-test-data-lungenfunktion-rv-tlc-1.json	3109	1	0	0	0	0	0	0	1	2	0	0	0	0	0	0	0	0	0	0	0	31	12	0	0	0	0	0	0	0
fsh-generated/resources/Observation-mii-exa-test-data-lungenfunktion-sg-total-1.json	3004	1	0	0	0	0	0	0	0	2	0	0	0	0	0	0	0	0	0	0	0	31	11	0	0	0	0	0	0	0
fsh-generated/resources/Observation-mii-exa-test-data-lungenfunktion-sr-1.json	3011	1	0	0	0	0	0	0	0	2	0	0	0	0	0	0	0	0	0	0	0	31	9	0	0	0	0	0	0	0
fsh-generated/resources/Observation-mii-exa-test-data-lungenfunktion-sr-eff-1.json	2984	0	0	0	0	0	0	0	0	2	0	0	0	0	0	0	0	0	0	0	0	30	9	0	0	0	0	0	0	0
fsh-generated/resources/Observation-mii-exa-test-data-lungenfunktion-sr-prov-1.json	1903	1	0	0	0	0	0	0	0	1	0	0	0	0	0	0	0	0	0	0	0	28	5	0	0	0	0	0	0	0
fsh-generated/resources/Observation-mii-exa-test-data-lungenfunktion-tlc-1.json	3397	1	0	0	0	0	0	0	1	2	0	0	0	0	0	0	0	0	0	0	0	32	10	0	0	0	1	0	0	0
fsh-generated/resources/Observation-mii-exa-test-data-lungenfunktion-va-1.json	2882	1	0	0	0	0	0	0	0	2	0	0	0	0	0	0	0	0	0	0	0	31	9	0	0	0	0	0	0	0
fsh-generated/resources/Observation-mii-exa-test-data-lungenfunktion-vc-1.json	3613	1	0	0	0	0	0	0	0	1	0	0	0	0	0	0	0	0	0	0	0	41	9	0	0	0	0	0	0	0
fsh-generated/resources/Observation-mii-exa-test-data-mikrobio-allgemeine-bestimmung-1.json	3910	1	0	0	0	0	0	0	0	2	0	0	0	0	0	0	0	0	0	0	0	33	11	0	0	0	0	0	0	0
fsh-generated/resources/Observation-mii-exa-test-data-mikrobio-allgemeine-bestimmung-alt-1.json	4160	1	0	0	0	0	0	0	1	2	0	0	0	0	0	0	0	0	0	0	0	33	10	0	0	0	0	0	0	0
fsh-generated/resources/Observation-mii-exa-test-data-mikrobio-allgemeine-bestimmung-dar-1.json	3127	0	0	0	0	0	0	0	0	2	0	0	0	0	0	0	0	0	0	0	0	30	8	0	0	0	0	0	0	0
fsh-generated/resources/Observation-mii-exa-test-data-mikrobio-allgemeine-kultur-1.json	3890	1	0	0	0	0	0	0	0	2	0	0	0	0	0	0	0	0	0	0	0	34	11	0	0	0	0	0	0	0
fsh-generated/resources/Observation-mii-exa-test-data-mikrobio-allgemeine-kultur-alt-1.json	4150	1	0	0	1	0	0	0	1	2	0	0	0	0	0	0	0	0	0	0	0	32	9	0	0	0	0	0	0	0
fsh-generated/resources/Observation-mii-exa-test-data-mikrobio-allgemeine-kultur-dar-1.json	3250	1	0	0	0	0	0	0	0	1	0	0	0	0	0	0	0	0	0	0	0	31	8	0	0	0	0	0	0	0
fsh-generated/resources/Observation-mii-exa-test-data-mikrobio-antigen-antikoerper-1.json	4662	1	0	0	0	0	0	0	0	3	0	0	0	0	0	0	0	0	0	0	0	32	11	0	0	0	0	0	0	0
fsh-generated/resources/Observation-mii-exa-test-data-mikrobio-antigen-antikoerper-quantitativ-alt-1.json	4450	1	0	0	0	0	0	0	0	2	0	0	0	0	0	0	0	0	0	0	0	33	11	0	0	0	0	0	0	0
fsh-generated/resources/Observation-mii-exa-test-data-mikrobio-antigen-antikoerper-quantitativ-dar-1.json	3463	1	0	0	0	0	0	0	1	1	0	0	0	0	0	0	0	0	0	0	0	30	9	0	0	0	0	0	0	0
fsh-generated/resources/Observation-mii-exa-test-data-mikrobio-aviditaet-1.json	4239	1	0	0	0	0	0	0	0	2	0	0	0	0	0	0	0	0	0	0	0	31	12	0	0	0	0	0	0	0
fsh-generated/resources/Observation-mii-exa-test-data-mikrobio-aviditaet-alt-1.json	4351	1	0	0	0	0	0	0	0	2	0	0	0	0	0	0	0	0	0	0	0	32	11	0	0	0	0	0	0	1
fsh-generated/resources/Observation-mii-exa-test-data-mikrobio-aviditaet-dar-1.json	3397	1	0	0	0	0	0	0	1	2	0	0	0	0	0	0	0	0	0	0	0	31	9	0	0	0	0	0	0	0
fsh-generated/resources/Observation-mii-exa-test-data-mikrobio-bartlett-score-1.json	3829	1	0	0	0	0	0	0	0	2	0	0	0	0	0	0	0	0	0	0	0	32	12	0	0	0	0	0	0	0
fsh-generated/resources/Observation-mii-exa-test-data-mikrobio-bartlett-score-alt-1.json	4128	1	0	0	0	0	0	0	0	2	0	0	0	0	0	0	0	0	0	0	0	33	10	0	0	0	0	0	0	0
fsh-generated/resources/Observation-mii-exa-test-data-mikrobio-bartlett-score-dar-1.json	3106	1	0	0	0	0	0	0	0	1	0	0	0	0	0	0	0	0	0	0	0	30	8	0	0	0	0	0	0	0
fsh-generated/resources/Observation-mii-exa-test-data-mikrobio-ct-wert-1.json	4366	1	0	0	0	0	0	0	1	2	0	0	0	0	0	0	0	0	0	0	0	32	12	0	0	0	0	0	0	0
fsh-generated/resources/Observation-mii-exa-test-data-mikrobio-ct-wert-alt-1.json	4260	1	0	0	0	0	0	0	0	2	0	0	0	0	0	0	0	0	0	0	0	31	11	0	0	0	0	0	0	0
fsh-generated/resources/Observation-mii-exa-test-data-mikrobio-ct-wert-dar-1.json	3303	0	0	0	0	0	0	0	0	2	0	0	0	0	0	0	0	0	0	0	0	31	9	0	0	0	0	0	0	0
fsh-generated/resources/Observation-mii-exa-test-data-mikrobio-empfindlichkeit-1.json	5240	2	0	0	0	0	0	0	1	4	0	0	0	0	0	0	0	0	0	0	0	33	12	0	0	0	0	0	0	0
fsh-generated/resources/Observation-mii-exa-test-data-mikrobio-empfindlichkeit-alt-1.json	4700	1	0	0	0	0	0	0	0	2	0	0	0	0	0	0	0	0	0	0	0	31	10	0	0	0	0	0	0	0
fsh-generated/resources/Observation-mii-exa-test-data-mikrobio-empfindlichkeit-dar-1.json	3160	1	0	0	1	0	0	0	0	2	0	0	0	0	0	0	0	0	0	0	0	30	8	0	0	0	0	0	0	0
fsh-generated/resources/Observation-mii-exa-test-data-mikrobio-empfindlichkeit-sir-1.json	3887	0	0	0	0	0	0	0	1	1	0	0	0	0	0	0	0	0	0	0	0	31	10	0	0	0	0	0	0	0
fsh-generated/resources/Observation-mii-exa-test-data-mikrobio-keimzahl-1.json	4561	2	0	0	0	0	0	0	0	3	0	0	0	0	0	0	0	0	0	0	0	33	11	0	0	0	0	0	0	0
fsh-generated/resources/Observation-mii-exa-test-data-mikrobio-keimzahl-alt-1.json	4074	1	0	0	0	0	0	0	0	2	0	0	0	0	0	0	0	0	0	0	0	31	9	0	0	0	0	0	0	0
fsh-generated/resources/Observation-mii-exa-test-data-mikrobio-keimzahl-dar-1.json	3088	0	0	0	0	0	0	0	0	2	0	0	0	0	0	0	0	0	0	0	0	31	8	0	0	0	0	0	0	0
fsh-generated/resources/Observation-mii-exa-test-data-mikrobio-mikroskopie-1.json	4782	1	0	0	0	0	0	0	1	2	0	0	0	0	0	0	0	0	0	0	0	32	11	0	0	0	0	0	0	0
fsh-generated/resources/Observation-mii-exa-test-data-mikrobio-mikroskopie-alt-1.json	4127	1	0	0	0	0	0	0	0	1	0	0	0	0	0	0	0	0	0	0	0	31	11	0	0	0	0	0	0	0
fsh-generated/resources/Observation-mii-exa-test-data-mikrobio-mikroskopie-dar-1.json	3098	1	0	0	0	0	0	0	0	2	0	0	0	0	0	0	0	0	0	0	0	30	9	0	0	0	0	0	0	0
fsh-generated/resources/Observation-mii-exa-test-data-mikrobio-molekulare-pathogenlast-1.json	4399	1	0	0	0	0	0	0	1	2	0	0	0	0	0	0	0	0	0	0	0	33	12	0	0	0	0	0	0	0
fsh-generated/resources/Observation-mii-exa-test-data-mikrobio-molekulare-pathogenlast-alt-1.json	4437	1	0	0	0	0	0	0	0	2	0	0	0	0	0	0	0	0	0	0	0	31	11	0	0	0	0	0	0	0
fsh-generated/resources/Observation-mii-exa-test-data-mikrobio-molekulare-pathogenlast-dar-1.json	3453	1	0	0	0	0	0	0	0	2	0	0	0	0	0	0	0	0	0	0	0	30	10	0	0	0	0	0	0	0
fsh-generated/resources/Observation-mii-exa-test-data-mikrobio-mrgn-klasse-1.json	3974	1	0	0	0	0	0	0	0	1	0	0	0	0	0	0	0	0	0	0	0	32	12	0	0	0	0	0	0	0
fsh-generated/resources/Observation-mii-exa-test-data-mikrobio-mrgn-klasse-alt-1.json	3673	1	0	0	0	0	0	0	1	3	0	0	0	0	0	0	0	0	0	0	0	30	10	0	0	0	0	0	0	0
fsh-generated/resources/Observation-mii-exa-test-data-mikrobio-mrgn-klasse-dar-1.json	2968	1	0	0	0	0	0	0	0	1	0	0	0	0	0	0	0	0	0	0	0	28	8	0	0	0	0	0	0	0
fsh-generated/resources/Observation-mii-exa-test-data-mikrobio-nugent-score-1.json	4243	1	0	0	0	0	0	0	0	3	0	0	0	0	0	0	0	0	0	0	0	32	12	0	0	0	0	0	0	1
fsh-generated/resources/Observation-mii-exa-test-data-mikrobio-nugent-score-alt-1.json	4081	1	0	0	1	0	0	0	1	2	0	0	0	0	0	0	0	0	0	0	0	32	10	0	0	0	0	0	0	0
fsh-generated/resources/Observation-mii-exa-test-data-mikrobio-nugent-score-dar-1.json	3101	1	0	0	0	0	0	0	0	3	0	0	0	0	0	0	0	0	0	0	0	30	8	0	0	0	0	0	0	0
fsh-generated/resources/Observation-mii-exa-test-data-mikrobio-resistenz-mech-alt-1.json	4531	1	0	0	0	0	0	0	0	2	0	0	0	0	0	0	0	0	0	0	0	32	11	0	0	0	0	1	0	0
fsh-generated/resources/Observation-mii-exa-test-data-mikrobio-resistenz-mech-dar-1.json	3477	1	0	0	0	0	0	0	0	1	0	0	0	0	0	0	0	0	0	0	0	29	10	0	0	0	0	0	0	0
fsh-generated/resources/Observation-mii-exa-test-data-mikrobio-resistenzkategorie-status-1.json	4560	1	0	0	0	0	0	0	1	2	0	0	0	0	0	0	0	0	0	0	0	33	13	0	0	0	0	0	0	0
fsh-generated/resources/Observation-mii-exa-test-data-mikrobio-resistenzkategorie-status-alt-1.json	4279	1	0	0	0	0	0	0	0	2	0	0	0	0	0	0	0	0	0	0	0	33	11	0	0	0	0	0	0	0
fsh-generated/resources/Observation-mii-exa-test-data-mikrobio-resistenzkategorie-status-neg-1.json	3458	1	0	0	0	0	0	0	0	2	0	0	0	0	0	0	0	1	0	0	0	31	9	0	0	0	0	0	0	0
fsh-generated/resources/Observation-mii-exa-test-data-mikrobio-resistenzmechanismen-1.json	4327	1	0	0	0	0	0	0	1	2	0	0	0	0	0	0	0	0	0	0	0	33	12	0	0	0	0	0	0	0
fsh-generated/resources/Observation-mii-exa-test-data-mikrobio-spezifische-bestimmung-1.json	4117	1	0	0	0	0	0	0	0	2	0	0	0	0	0	0	0	0	0	0	0	31	12	0	0	0	0	0	0	0
fsh-generated/resources/Observation-mii-exa-test-data-mikrobio-spezifische-bestimmung-alt-1.json	4514	1	0	0	0	0	0	0	0	3	0	0	0	0	0	0	0	0	0	0	0	34	10	0	0	0	0	0	0	0
fsh-generated/resources/Observation-mii-exa-test-data-mikrobio-spezifische-bestimmung-dar-1.json	3442	1	0	0	0	0	0	0	0	2	0	0	0	0	0	0	0	0	0	0	0	37	10	0	0	0	0	0	0	0
fsh-generated/resources/Observation-mii-exa-test-data-mikrobio-spezifische-mikroskopie-1.json	5279	1	0	0	0	0	0	0	1	3	0	0	0	0	0	0	0	0	0	0	0	34	12	0	0	0	0	0	0	0
fsh-generated/resources/Observation-mii-exa-test-data-mikrobio-spezifische-mikroskopie-dar-1.json	4093	1	0	0	0	0	0	0	0	2	0	0	0	0	0	0	0	0	0	0	0	33	11	0	0	0	0	0	0	0
fsh-generated/resources/Observation-mii-exa-test-data-mikrobio-titer-1.json	4072	1	0	0	0	0	0	0	0	3	0	0	0	0	0	0	0	0	0	0	0	32	11	0	0	0	0	0	0	0
fsh-generated/resources/Observation-mii-exa-test-data-mikrobio-titer-alt-1.json	4282	1	0	0	1	0	0	0	1	3	0	0	0	0	0	0	0	0	0	0	0	32	9	0	0	0	0	0	0	0
fsh-generated/resources/Observation-mii-exa-test-data-mikrobio-titer-dar-1.json	3153	0	0	0	0	0	0	0	0	2	0	0	0	0	0	0	0	0	0	0	0	30	8	0	0	0	0	0	0	0
fsh-generated/resources/Observation-mii-exa-test-data-mikrobio-virulenzfaktor-1.json	4022	1	0	0	0	0	0	0	0	3	0	0	0	0	0	0	0	0	0	0	0	31	11	0	0	0	0	0	0	0
fsh-generated/resources/Observation-mii-exa-test-data-mikrobio-virulenzfaktor-alt-1.json	4375	1	0	0	0	0	0	0	1	1	0	0	0	0	0	0	0	0	0	0	0	32	11	0	0	0	0	0	0	0
fsh-generated/resources/Observation-mii-exa-test-data-mikrobio-virulenzfaktor-dar-1.json	3324	1	0	0	0	0	0	0	0	2	0	0	0	0	0	0	0	0	0	0	0	30	9	0	0	0	0	0	0	0
fsh-generated/resources/Observation-mii-exa-test-data-mikrobio-voraus-empf-alt-1.json	4499	1	0	0	0	0	0	0	0	2	0	0	0	0	0	0	0	0	0	0	0	32	12	0	0	0	0	0	0	0
fsh-generated/resources/Observation-mii-exa-test-data-mikrobio-voraus-empf-dar-1.json	3422	1	0	0	0	0	0	0	0	2	0	0	0	0	0	0	0	0	0	0	0	32	9	0	0	0	0	0	0	0
fsh-generated/resources/Observation-mii-exa-test-data-mikrobio-voraussichtliche-empfindlichkeit-1.json	4098	1	0	0	0	0	0	0	1	1	0	0	0	0	0	0	0	0	0	0	0	33	14	0	0	0	0	0	0	0
fsh-generated/resources/Observation-mii-exa-test-data-mtb-biomarker-her2-status-1.json	2649	2	0	0	0	0	0	0	0	2	0	0	0	0	0	0	0	0	0	0	0	31	10	0	0	0	0	0	0	1
fsh-generated/resources/Observation-mii-exa-test-data-mtb-brcaness-1.json	3029	1	0	0	1	0	0	0	0	2	0	0	0	0	0	0	0	0	0	0	0	31	11	0	0	0	0	0	0	0
fsh-generated/resources/Observation-mii-exa-test-data-mtb-consent-given-1.json	1044	1	0	0	0	0	0	0	0	1	0	0	0	0	0	0	0	0	0	0	0	27	6	0	0	0	0	0	0	0
fsh-generated/resources/Observation-mii-exa-test-data-mtb-copy-number-variant-1.json	3559	1	0	0	0	0	0	0	0	124	0	0	0	0	0	0	0	0	0	0	0	32	10	0	0	0	0	0	1	0
fsh-generated/resources/Observation-mii-exa-test-data-mtb-diagnostische-implikation-1.json	2283	2	0	0	0	0	0	0	1	3	0	0	0	0	0	0	0	0	0	0	0	30	9	0	0	0	0	0	0	0
fsh-generated/resources/Observation-mii-exa-test-data-mtb-dna-fusion-1.json	3950	1	0	0	1	0	0	0	0	3	0	0	0	0	0	0	0	0	0	0	0	32	10	0	0	0	0	0	0	0
fsh-generated/resources/Observation-mii-exa-test-data-mtb-einfache-variante-1.json	2782	1	0	0	0	0	0	0	0	1	0	0	0	0	0	0	0	0	0	0	0	30	9	0	0	0	0	0	0	0
fsh-generated/resources/Observation-mii-exa-test-data-mtb-fernmetastasen-1.json	1413	1	0	0	0	0	0	0	0	2	0	0	0	0	0	0	0	0	0	0	0	27	7	0	0	0	0	0	0	0
fsh-generated/resources/Observation-mii-exa-test-data-mtb-hrd-score-1.json	2829	1	0	0	0	0	0	0	0	2	0	0	0	0	0	0	0	0	0	0	0	30	11	0	0	0	0	0	0	0
fsh-generated/resources/Observation-mii-exa-test-data-mtb-ihc-mmr-1.json	5718	2	0	0	0	0	0	0	1	1	0	0	0	0	0	0	0	0	0	0	0	38	12	0	0	0	0	0	0	0
fsh-generated/resources/Observation-mii-exa-test-data-mtb-ihc-msi-1.json	2736	1	0	0	1	0	0	0	0	2	0	0	0	0	0	0	0	0	0	0	0	30	10	0	0	0	0	0	0	0
fsh-generated/resources/Observation-mii-exa-test-data-mtb-ihc-phosphorylation-1.json	2965	1	0	0	0	0	0	0	0	2	0	0	0	0	0	0	0	0	0	0	0	31	11	0	0	0	0	0	0	0
fsh-generated/resources/Observation-mii-exa-test-data-mtb-immunohistochemistry-1.json	2943	1	0	0	0	0	0	0	1	1	0	0	0	0	0	0	0	0	0	0	0	30	11	0	0	0	0	0	0	0
fsh-generated/resources/Observation-mii-exa-test-data-mtb-immunohistochemistry-her2-1.json	2987	1	0	0	0	0	0	0	0	2	0	0	0	0	0	0	0	0	0	0	0	30	11	0	0	0	0	0	0	0
fsh-generated/resources/Observation-mii-exa-test-data-mtb-immunohistochemistry-pdl1-1.json	6217	2	0	0	0	0	0	0	0	2	0	0	0	0	0	0	0	0	0	0	0	37	12	0	0	0	0	0	0	0
fsh-generated/resources/Observation-mii-exa-test-data-mtb-insituhybridization-1.json	3415	1	0	0	1	0	0	0	0	1	0	0	0	0	0	0	0	0	0	0	0	32	12	0	0	0	0	0	0	0
fsh-generated/resources/Observation-mii-exa-test-data-mtb-insituhybridization-her2-1.json	3447	1	0	0	0	0	0	0	1	2	0	0	0	0	0	0	0	0	0	0	0	32	11	0	0	0	0	0	0	0
fsh-generated/resources/Observation-mii-exa-test-data-mtb-labobs-ecog-1.json	625	1	0	0	0	0	0	0	0	1	0	0	0	0	0	0	0	0	0	0	0	25	4	0	0	0	0	0	0	0
fsh-generated/resources/Observation-mii-exa-test-data-mtb-labobs-vorbefund-1.json	745	1	0	0	0	0	0	0	0	1	0	0	0	0	0	0	0	0	0	0	0	26	4	0	0	0	0	0	0	0
fsh-generated/resources/Observation-mii-exa-test-data-mtb-mikrosatelliteninstabilitaet-1.json	3116	1	0	0	0	0	0	0	0	2	0	0	0	0	0	0	0	0	0	0	0	30	12	0	0	0	0	0	0	0
fsh-generated/resources/Observation-mii-exa-test-data-mtb-molekularer-biomarker-1.json	2620	1	0	0	1	0	0	0	0	2	0	0	0	0	0	0	0	0	0	0	0	29	9	0	0	0	0	0	0	0
fsh-generated/resources/Observation-mii-exa-test-data-mtb-mutationslast-1.json	2932	1	0	0	0	0	0	0	1	1	0	0	0	0	0	0	0	0	0	0	0	30	11	0	0	0	0	0	0	0
fsh-generated/resources/Observation-mii-exa-test-data-mtb-oncotree-1.json	1092	1	0	0	0	0	0	0	0	2	0	0	0	0	0	0	0	0	0	0	0	26	6	0	0	0	0	0	0	0
fsh-generated/resources/Observation-mii-exa-test-data-mtb-ploidie-1.json	2932	1	0	0	0	0	0	0	0	1	0	0	0	0	0	0	0	0	0	0	0	30	11	0	0	0	0	0	0	0
fsh-generated/resources/Observation-mii-exa-test-data-mtb-response-befund-1.json	2475	2	0	0	1	0	0	0	0	2	0	0	0	0	0	0	0	0	0	0	0	31	10	0	0	0	0	0	0	0
fsh-generated/resources/Observation-mii-exa-test-data-mtb-rna-fusion-1.json	5008	1	0	0	0	0	0	0	0	2	0	0	0	0	0	0	0	0	0	0	0	34	10	0	0	0	0	0	0	0
fsh-generated/resources/Observation-mii-exa-test-data-mtb-rna-seq-1.json	2354	1	0	0	0	0	0	0	1	1	0	0	0	0	0	0	0	0	0	0	0	30	10	0	0	0	0	0	0	0
fsh-generated/resources/Observation-mii-exa-test-data-mtb-therapeutische-implikation-1.json	2822	1	0	0	0	0	0	0	0	2	0	0	0	0	0	0	0	0	0	0	0	31	9	0	0	0	0	0	0	0
fsh-generated/resources/Observation-mii-exa-test-data-mtb-tumorausbreitung-1.json	1246	2	0	0	0	0	0	0	0	1	0	0	0	0	0	0	0	0	0	0	0	31	5	0	0	0	0	0	0	0
fsh-generated/resources/Observation-mii-exa-test-data-mtb-tumorzellgehalt-1.json	1159	1	0	0	1	0	0	0	0	1	0	0	0	0	0	0	0	0	0	0	0	29	5	0	0	0	0	0	0	0
fsh-generated/resources/Observation-mii-exa-test-data-mtb-who-grad-tumor-zns-1.json	1125	1	0	0	0	0	0	0	0	2	0	0	0	0	0	0	0	0	0	0	0	28	7	0	0	0	0	0	0	0
fsh-generated/resources/Observation-mii-exa-test-data-onko-anzahl-befallene-lymphknoten-1.json	1485	0	0	0	0	0	0	0	0	1	0	0	0	0	0	0	0	0	0	0	0	33	10	0	0	0	0	0	0	0
fsh-generated/resources/Observation-mii-exa-test-data-onko-anzahl-befallene-sentinel-lymphknoten-1.json	1356	1	0	0	0	0	0	0	0	1	0	0	0	0	0	0	0	0	0	0	0	28	7	0	0	0	0	0	0	0
fsh-generated/resources/Observation-mii-exa-test-data-onko-anzahl-untersuchte-lymphknoten-1.json	1468	1	0	0	0	0	0	0	0	2	0	0	0	0	0	0	0	0	0	0	0	28	8	0	0	0	0	0	0	0
fsh-generated/resources/Observation-mii-exa-test-data-onko-anzahl-untersuchte-sentinel-lymphknoten-1.json	1524	1	0	0	0	0	0	0	1	1	0	0	0	0	0	0	0	0	0	0	0	27	8	0	0	0	0	0	0	0
fsh-generated/resources/Observation-mii-exa-test-data-onko-asa-1.json	1224	0	0	0	0	0	0	0	0	2	0	0	0	0	0	0	0	0	0	0	0	28	7	0	0	0	0	0	0	0
fsh-generated/resources/Observation-mii-exa-test-data-onko-ecog-1.json	1817	1	0	0	0	0	0	0	0	1	0	0	0	0	0	0	0	0	0	0	0	27	7	0	0	0	0	0	0	0
fsh-generated/resources/Observation-mii-exa-test-data-onko-fernmetastasen-1.json	1404	1	0	0	0	0	0	0	0	1	0	0	0	0	0	0	0	0	0	0	0	28	7	0	0	0	0	0	0	0
fsh-generated/resources/Observation-mii-exa-test-data-onko-figo-1.json	1576	1	0	0	1	0	0	0	0	1	0	0	0	0	0	0	0	0	0	0	0	28	8	0	0	0	0	0	0	0
fsh-generated/resources/Observation-mii-exa-test-data-onko-genetische-variante-1.json	10874	1	0	0	0	0	0	0	1	231	0	0	0	0	0	0	0	0	0	0	0	45	16	0	0	0	0	0	0	0
fsh-generated/resources/Observation-mii-exa-test-data-onko-genetische-variante-2.json	1481	1	0	0	0	0	0	0	0	4	0	0	0	0	0	0	0	0	0	0	0	28	5	0	0	0	0	0	0	0
fsh-generated/resources/Observation-mii-exa-test-data-onko-grading-1.json	1558	1	0	0	0	0	0	0	0	2	0	0	0	0	0	0	0	0	0	0	0	29	8	0	0	0	0	0	0	1
fsh-generated/resources/Observation-mii-exa-test-data-onko-histologie-icdo3-1.json	1691	0	0	0	0	0	0	0	0	3	0	0	0	0	0	0	0	0	0	0	0	30	9	0	0	0	0	0	0	0
fsh-generated/resources/Observation-mii-exa-test-data-onko-karnofsky-1.json	1580	1	0	0	0	0	0	0	0	1	0	0	0	0	0	0	0	0	0	0	0	28	8	0	0	0	0	0	0	0
fsh-generated/resources/Observation-mii-exa-test-data-onko-krk-abstand-aboral-1.json	1142	1	0	0	0	0	0	0	0	2	0	0	0	0	0	0	0	0	0	0	0	28	7	0	0	0	0	0	0	0
fsh-generated/resources/Observation-mii-exa-test-data-onko-krk-abstand-anokutan-1.json	1100	0	0	0	0	0	0	0	1	2	0	0	0	0	0	0	0	0	0	0	0	27	8	0	0	0	0	0	0	0
fsh-generated/resources/Observation-mii-exa-test-data-onko-krk-abstand-crm-1.json	1167	1	0	0	0	0	0	0	0	2	0	0	0	0	0	0	0	0	0	0	0	28	9	0	0	0	0	0	0	0
fsh-generated/resources/Observation-mii-exa-test-data-onko-krk-abstand-mesorektal-1.json	1100	1	0	0	0	0	1	0	0	1	0	0	0	0	0	0	0	0	0	0	0	27	8	0	0	0	0	0	0	0
fsh-generated/resources/Observation-mii-exa-test-data-onko-krk-anastomoseninsuffizienz-1.json	1314	0	0	0	0	0	0	0	0	2	0	0	0	0	0	0	0	0	0	0	0	27	8	0	0	0	0	0	0	0
fsh-generated/resources/Observation-mii-exa-test-data-onko-mamma-her2neu-status-1.json	1931	1	0	0	0	0	0	0	0	1	0	0	0	0	0	0	0	0	0	0	0	28	8	0	0	0	0	0	0	0
fsh-generated/resources/Observation-mii-exa-test-data-onko-mamma-her2neu-status-2.json	2360	1	0	0	1	0	0	0	0	1	0	0	0	0	0	0	0	0	0	0	0	29	8	0	0	0	0	0	0	0
fsh-generated/resources/Observation-mii-exa-test-data-onko-mamma-menopause-status-1.json	1198	1	0	0	0	0	0	0	0	2	0	0	0	0	0	0	0	0	0	0	0	28	7	0	0	0	0	0	0	0
fsh-generated/resources/Observation-mii-exa-test-data-onko-mamma-rezeptorstatus-estrogen-1.json	2668	1	0	0	0	0	0	0	0	1	0	0	0	0	0	0	0	0	0	0	0	29	8	0	0	0	0	0	0	0
fsh-generated/resources/Observation-mii-exa-test-data-onko-mamma-rezeptorstatus-progesteron-1.json	2412	1	0	0	0	0	0	0	1	2	0	0	0	0	0	0	0	0	0	0	0	29	8	0	0	0	0	0	0	0
fsh-generated/resources/Observation-mii-exa-test-data-onko-melanom-breslow-tiefe-1.json	1329	1	0	0	0	0	0	0	0	1	0	0	0	0	0	0	0	0	0	0	0	28	7	0	0	0	0	0	0	0
fsh-generated/resources/Observation-mii-exa-test-data-onko-melanom-breslow-tiefe-2.json	1226	0	0	0	0	0	0	0	0	1	0	0	0	0	0	0	0	0	0	0	0	27	7	0	0	0	0	0	0	0
fsh-generated/resources/Observation-mii-exa-test-data-onko-melanom-ldh-1.json	1386	1	0	0	0	0	0	0	0	2	0	0	0	0	0	0	0	0	0	0	0	27	7	0	0	0	0	0	0	0
fsh-generated/resources/Observation-mii-exa-test-data-onko-melanom-ldh-2.json	1622	1	0	0	0	0	0	0	0	1	0	0	0	0	0	0	0	0	0	0	0	27	7	0	0	0	0	0	0	0
fsh-generated/resources/Observation-mii-exa-test-data-onko-melanom-sicherheitsabstand-1.json	1207	1	0	0	0	0	0	0	0	1	0	0	0	0	0	0	0	0	0	0	0	28	7	0	0	0	0	0	0	0
fsh-generated/resources/Observation-mii-exa-test-data-onko-melanom-sicherheitsabstand-2.json	1299	0	0	0	0	0	0	0	0	2	0	0	0	0	0	0	0	0	0	0	0	27	8	0	0	0	0	0	0	0
fsh-generated/resources/Observation-mii-exa-test-data-onko-melanom-ulzeration-1.json	1464	1	0	0	0	0	0	0	0	1	0	0	0	0	0	0	0	0	0	0	0	27	8	0	0	0	1	0	0	0
fsh-generated/resources/Observation-mii-exa-test-data-onko-melanom-ulzeration-2.json	1380	1	0	0	0	0	0	0	0	1	0	0	0	0	0	0	0	1	0	0	0	27	7	0	0	0	0	0	0	0
fsh-generated/resources/Observation-mii-exa-test-data-onko-melanom-ulzeration-dar-1.json	1391	2	0	0	1	0	0	0	1	2	0	0	0	0	0	0	0	0	0	0	0	32	9	0	0	0	0	0	0	0
fsh-generated/resources/Observation-mii-exa-test-data-onko-prostata-anzahl-stanzen-1.json	1017	1	0	0	0	0	0	0	0	1	0	0	0	0	0	0	0	0	0	0	0	26	8	0	0	0	0	0	0	0
fsh-generated/resources/Observation-mii-exa-test-data-onko-prostata-ca-befall-1.json	1200	1	0	0	0	0	0	0	0	1	0	0	0	0	0	0	0	0	0	0	0	27	9	0	0	0	0	0	0	0
fsh-generated/resources/Observation-mii-exa-test-data-onko-prostata-gleason-gesamt-1.json	1436	2	0	0	0	0	0	0	0	2	0	0	0	0	0	0	0	0	0	0	0	27	9	0	0	0	0	0	0	0
fsh-generated/resources/Observation-mii-exa-test-data-onko-prostata-gleason-grade-group-1.json	1608	1	0	0	0	0	0	0	0	1	0	0	0	0	0	0	0	0	0	0	0	28	10	0	0	0	0	0	0	0
fsh-generated/resources/Observation-mii-exa-test-data-onko-prostata-gleason-primary-1.json	1279	0	0	0	0	0	0	0	0	1	0	0	0	0	0	0	0	0	0	0	0	28	8	0	0	0	0	0	0	0
fsh-generated/resources/Observation-mii-exa-test-data-onko-prostata-gleason-secondary-1.json	1114	1	0	0	0	0	0	0	0	2	0	0	0	0	0	0	0	0	0	0	0	26	6	0	0	0	0	0	0	0
fsh-generated/resources/Observation-mii-exa-test-data-onko-prostata-komplikation-1.json	1609	1	0	0	0	0	0	0	0	1	0	0	0	0	0	0	0	0	0	0	0	29	10	0	0	0	0	0	0	0
fsh-generated/resources/Observation-mii-exa-test-data-onko-prostata-positive-stanzen-1.json	1037	1	0	0	0	0	0	0	0	1	0	0	0	0	0	0	0	0	0	0	0	28	7	0	0	0	0	0	0	0
fsh-generated/resources/Observation-mii-exa-test-data-onko-prostata-psa-1.json	1033	1	0	0	1	0	0	0	0	2	0	0	0	0	0	0	0	0	0	0	0	27	7	0	0	0	0	0	0	0
fsh-generated/resources/Observation-mii-exa-test-data-onko-residualstatus-1.json	1451	0	0	0	0	0	0	0	1	2	0	0	0	0	0	0	0	0	0	0	0	27	8	0	0	0	0	0	0	0
fsh-generated/resources/Observation-mii-exa-test-data-onko-studienteilnahme-1.json	1269	1	0	0	0	0	0	0	0	1	0	0	0	0	0	0	0	0	0	0	0	28	7	0	0	0	0	0	0	0
fsh-generated/resources/Observation-mii-exa-test-data-onko-studienteilnahme-2.json	1138	1	0	0	0	0	0	0	0	1	0	0	0	0	0	0	0	0	0	0	0	27	6	0	0	0	0	0	0	0
fsh-generated/resources/Observation-mii-exa-test-data-onko-tnm-a-symbol-1.json	1364	0	0	0	0	0	0	0	0	2	0	0	0	0	0	0	0	0	0	0	0	28	8	0	0	0	0	0	0	0
fsh-generated/resources/Observation-mii-exa-test-data-onko-tnm-klassifikation-1.json	2110	1	0	0	0	0	0	0	0	1	0	0	0	0	0	0	0	0	0	0	0	32	18	0	0	0	0	0	0	0
fsh-generated/resources/Observation-mii-exa-test-data-onko-tnm-klassifikation-2.json	1677	1	0	0	0	0	0	0	0	2	0	0	0	0	0	0	0	0	0	0	0	29	11	0	0	0	0	0	0	0
fsh-generated/resources/Observation-mii-exa-test-data-onko-tnm-klassifikation-synthetisiert-1.json	2252	1	0	0	0	0	0	0	0	2	0	0	0	0	0	0	0	0	0	0	0	31	14	0	0	0	0	0	0	0
fsh-generated/resources/Observation-mii-exa-test-data-onko-tnm-l-kategorie-1.json	1381	1	0	0	0	0	0	0	0	1	0	0	0	0	0	0	0	0	0	0	0	28	7	0	0	0	0	0	0	0
fsh-generated/resources/Observation-mii-exa-test-data-onko-tnm-m-kategorie-1.json	2339	1	0	0	0	0	0	0	1	1	0	0	0	0	0	0	0	0	0	0	0	29	10	0	0	0	0	0	0	0
fsh-generated/resources/Observation-mii-exa-test-data-onko-tnm-m-kategorie-2.json	2129	1	0	0	0	0	0	0	0	2	0	0	0	0	0	0	0	0	0	0	0	29	8	0	0	0	0	0	0	0
fsh-generated/resources/Observation-mii-exa-test-data-onko-tnm-m-kategorie-3.json	2068	2	0	0	1	0	0	0	0	1	0	0	0	0	0	0	0	0	0	0	0	28	6	0	0	0	0	0	0	0
fsh-generated/resources/Observation-mii-exa-test-data-onko-tnm-m-kategorie-4.json	2048	1	0	0	0	0	0	0	0	1	0	0	0	0	0	0	0	0	0	0	0	28	6	0	0	0	0	0	0	0
fsh-generated/resources/Observation-mii-exa-test-data-onko-tnm-m-symbol-1.json	1389	1	0	0	0	0	0	0	0	2	0	0	0	0	0	0	0	0	0	0	0	26	8	0	0	0	0	0	0	0
fsh-generated/resources/Observation-mii-exa-test-data-onko-tnm-n-kategorie-1.json	1978	1	0	0	0	0	0	0	0	1	0	0	0	0	0	0	0	0	0	0	0	27	10	0	0	0	0	0	0	0
fsh-generated/resources/Observation-mii-exa-test-data-onko-tnm-n-kategorie-2.json	2129	1	0	0	0	0	0	0	0	2	0	0	0	0	0	0	0	0	0	0	0	28	8	0	0	0	0	0	0	0
fsh-generated/resources/Observation-mii-exa-test-data-onko-tnm-n-kategorie-3.json	2154	1	0	0	0	0	0	0	1	1	0	0	0	0	0	0	0	0	0	0	0	27	7	0	0	0	0	0	0	0
fsh-generated/resources/Observation-mii-exa-test-data-onko-tnm-n-kategorie-4.json	2068	0	0	0	0	0	0	0	0	2	0	0	0	0	0	0	0	0	0	0	0	27	6	0	0	0	0	0	0	0
fsh-generated/resources/Observation-mii-exa-test-data-onko-tnm-n-kategorie-sn-1.json	2796	1	0	0	0	0	0	0	0	1	0	0	0	0	0	0	0	0	0	0	0	33	10	0	0	0	0	0	0	0
fsh-generated/resources/Observation-mii-exa-test-data-onko-tnm-pn-kategorie-1.json	1398	1	0	0	0	0	0	0	0	2	0	0	0	0	0	0	0	0	0	0	0	31	8	0	0	0	0	0	0	0
fsh-generated/resources/Observation-mii-exa-test-data-onko-tnm-r-symbol-1.json	1372	1	0	0	0	0	0	0	0	1	0	0	0	0	0	0	0	0	0	0	0	31	7	0	0	0	0	0	0	0
fsh-generated/resources/Observation-mii-exa-test-data-onko-tnm-s-kategorie-1.json	1356	0	0	0	0	0	0	0	0	1	0	0	0	0	0	0	0	0	0	0	0	30	7	0	0	0	0	0	0	0
fsh-generated/resources/Observation-mii-exa-test-data-onko-tnm-t-kategorie-1.json	1736	1	0	0	0	0	0	0	0	2	0	0	0	0	0	0	0	0	0	0	0	29	7	0	0	0	0	0	0	0
fsh-generated/resources/Observation-mii-exa-test-data-onko-tnm-t-kategorie-2.json	2598	1	0	0	1	0	0	0	1	1	0	0	0	0	0	0	0	0	0	0	0	30	8	0	0	0	0	0	0	0
fsh-generated/resources/Observation-mii-exa-test-data-onko-tnm-t-kategorie-3.json	2023	1	0	0	0	0	0	0	0	2	0	0	0	0	0	0	0	0	0	0	0	30	6	0	0	0	0	0	0	1
fsh-generated/resources/Observation-mii-exa-test-data-onko-tnm-t-kategorie-4.json	2068	1	0	0	0	0	0	0	0	1	0	0	0	0	0	0	0	0	0	0	0	30	6	0	0	0	0	0	0	0
fsh-generated/resources/Observation-mii-exa-test-data-onko-tnm-v-kategorie-1.json	1378	0	0	0	0	0	0	0	0	1	0	0	0	0	0	0	0	0	0	0	0	30	7	0	0	0	0	0	0	0
fsh-generated/resources/Observation-mii-exa-test-data-onko-tnm-y-symbol-1.json	1377	1	0	0	0	0	0	0	0	2	0	0	0	0	0	0	0	0	0	0	0	29	7	0	0	0	0	0	0	0
fsh-generated/resources/Observation-mii-exa-test-data-onko-tod-1.json	1554	1	0	0	0	0	0	0	0	1	0	0	0	0	0	0	0	0	0	0	0	30	8	0	0	0	0	0	0	0
fsh-generated/resources/Observation-mii-exa-test-data-onko-tod-2.json	1015	0	0	0	0	0	0	0	0	1	0	0	0	0	0	0	0	0	0	0	0	28	4	0	0	0	0	0	0	0
fsh-generated/resources/Observation-mii-exa-test-data-onko-tumorgroesse-1.json	1607	1	0	0	0	0	0	0	0	1	0	0	0	0	0	0	0	0	0	0	0	29	8	0	0	0	0	0	0	0
fsh-generated/resources/Observation-mii-exa-test-data-onko-tumormarker-1.json	4260	1	0	0	0	0	0	0	1	2	0	0	0	0	0	0	0	0	0	0	0	83	13	0	0	0	0	0	0	0
fsh-generated/resources/Observation-mii-exa-test-data-onko-tumormarker-2.json	1769	1	0	0	0	0	0	0	0	2	0	0	0	0	0	0	0	0	0	0	0	31	7	0	0	0	0	0	0	0
fsh-generated/resources/Observation-mii-exa-test-data-onko-tumormarker-3.json	1732	1	0	0	1	0	0	0	0	1	0	0	0	0	0	0	0	0	0	0	0	30	8	0	0	0	0	0	0	0
fsh-generated/resources/Observation-mii-exa-test-data-onko-tumormarker-4.json	1743	1	0	0	0	0	0	0	0	2	0	0	0	0	0	0	0	0	0	0	0	29	7	0	0	0	0	0	0	0
fsh-generated/resources/Observation-mii-exa-test-data-onko-tumormarker-5.json	1694	0	0	0	0	0	0	0	0	1	0	0	0	0	0	0	0	0	0	0	0	30	7	0	0	0	0	0	0	0
fsh-generated/resources/Observation-mii-exa-test-data-onko-verlauf-1.json	3151	1	0	0	0	0	0	0	0	2	0	0	0	0	0	0	0	0	0	0	0	31	9	0	0	0	0	0	0	0
fsh-generated/resources/Observation-mii-exa-test-data-onko-verlauf-2.json	2895	1	0	0	0	0	0	0	1	1	0	0	0	0	0	0	0	0	0	0	0	31	7	0	0	0	0	0	0	0
fsh-generated/resources/Observation-mii-exa-test-data-pat1-pro-p29-pain-int-tscore.json	2344	1	0	0	0	0	0	0	0	7	0	0	0	0	0	0	0	0	0	0	0	31	8	0	0	0	0	0	0	0
fsh-generated/resources/Observation-mii-exa-test-data-pat1-pro-p29-phys-fn-tscore.json	2344	1	0	0	0	0	0	0	0	7	0	0	0	0	0	0	0	0	0	0	0	33	9	0	0	0	0	0	0	0
fsh-generated/resources/Observation-mii-exa-test-data-pat1-pro-p29-sleep-tscore.json	2341	0	0	0	0	0	0	0	0	4	0	0	0	0	0	0	0	0	0	0	0	34	9	0	0	0	0	0	0	0
fsh-generated/resources/Observation-mii-exa-test-data-patho-asap.json	1533	1	0	0	0	0	0	0	0	2	0	0	0	0	0	0	0	0	0	0	0	29	7	0	0	0	0	0	0	0
fsh-generated/resources/Observation-mii-exa-test-data-patho-conclusion-grouper-1.json	4498	1	0	0	0	0	0	0	1	0	0	0	0	0	0	0	0	0	0	0	0	34	42	0	0	0	0	0	0	0
fsh-generated/resources/Observation-mii-exa-test-data-patho-conclusion-grouper-dar-1.json	2349	1	0	0	0	0	0	0	0	2	0	0	0	0	0	0	0	0	0	0	0	31	9	0	0	0	0	0	0	0
fsh-generated/resources/Observation-mii-exa-test-data-patho-gleason-grading-01.json	1906	0	0	0	0	0	0	0	0	2	0	0	0	0	0	0	0	0	0	0	0	30	8	0	0	0	0	0	0	0
fsh-generated/resources/Observation-mii-exa-test-data-patho-gleason-score-total.json	3007	1	0	0	0	0	0	0	0	2	0	0	0	0	0	0	0	0	0	0	0	32	13	0	0	0	0	0	0	0
fsh-generated/resources/Observation-mii-exa-test-data-patho-grading-group-isup.json	1709	1	0	0	1	0	0	0	0	2	0	0	0	0	0	0	0	0	0	0	0	28	7	0	0	0	0	0	0	0
fsh-generated/resources/Observation-mii-exa-test-data-patho-granulomatous-prostatitis.json	1547	1	0	0	0	0	0	0	0	2	0	0	0	0	0	0	0	0	0	0	0	26	7	0	0	0	0	0	0	0
fsh-generated/resources/Observation-mii-exa-test-data-patho-high-grade-pin.json	1557	0	0	0	0	0	0	0	0	1	0	0	0	0	0	0	0	0	0	0	0	27	8	0	0	0	0	0	0	0
fsh-generated/resources/Observation-mii-exa-test-data-patho-histo-typ-01.json	1737	1	0	0	0	0	0	0	1	2	0	0	0	0	0	0	0	0	0	0	0	29	8	0	0	0	0	0	0	0
fsh-generated/resources/Observation-mii-exa-test-data-patho-histo-typ-03.json	1733	0	0	0	0	0	0	0	0	1	0	0	0	0	0	0	0	0	0	0	0	30	7	0	0	0	0	0	0	0
fsh-generated/resources/Observation-mii-exa-test-data-patho-histological-grade-who.json	1516	1	0	0	0	0	0	0	0	2	0	0	0	0	0	0	0	0	0	0	0	28	7	0	0	0	0	0	0	0
fsh-generated/resources/Observation-mii-exa-test-data-patho-histological-type-icdo-3.json	1552	0	0	0	0	0	0	0	0	1	0	0	0	0	0	0	0	0	0	0	0	27	8	0	0	0	0	0	0	0
fsh-generated/resources/Observation-mii-exa-test-data-patho-icdo-version.json	1551	1	0	0	0	0	0	0	0	1	0	0	0	0	0	0	0	0	0	0	0	28	8	0	0	0	0	0	0	0
fsh-generated/resources/Observation-mii-exa-test-data-patho-intraductal-carcinoma.json	1554	1	0	0	0	0	0	0	0	2	0	0	0	0	0	0	0	0	0	0	0	27	7	0	0	0	0	0	0	0
fsh-generated/resources/Observation-mii-exa-test-data-patho-intraop-befund-1.json	1651	1	0	0	0	0	0	0	0	1	0	0	0	0	0	0	0	0	0	0	0	30	8	0	0	0	0	0	0	0
fsh-generated/resources/Observation-mii-exa-test-data-patho-intraop-grouper-1.json	2235	0	0	0	0	0	0	0	1	0	0	0	0	0	0	0	0	0	0	0	0	25	12	0	0	0	0	0	0	0
fsh-generated/resources/Observation-mii-exa-test-data-patho-intraop-grouper-dar-1.json	2362	1	0	0	0	0	0	0	0	2	0	0	0	0	0	0	0	0	0	0	0	32	9	0	0	0	0	0	0	0
fsh-generated/resources/Observation-mii-exa-test-data-patho-lymphovascular-invasion.json	1559	1	0	0	0	0	0	0	0	2	0	0	0	0	0	0	0	0	0	0	0	30	7	0	0	0	0	0	0	0
fsh-generated/resources/Observation-mii-exa-test-data-patho-macro-grouper-1.json	2819	0	0	0	0	0	0	0	0	0	0	0	0	0	0	0	0	0	0	0	0	28	19	0	0	0	0	0	0	0
fsh-generated/resources/Observation-mii-exa-test-data-patho-macro-grouper-dar-1.json	2366	1	0	0	0	0	0	0	0	1	0	0	0	0	0	0	0	0	0	0	0	31	9	0	0	0	0	0	0	0
fsh-generated/resources/Observation-mii-exa-test-data-patho-macroscopic-cylinder-count-01.json	1730	0	0	0	0	0	0	0	0	2	0	0	0	0	0	0	0	0	0	0	0	30	7	0	0	0	0	0	0	0
fsh-generated/resources/Observation-mii-exa-test-data-patho-macroscopic-cylinder-count-03.json	1774	1	0	0	0	0	0	0	0	2	0	0	0	0	0	0	0	0	0	0	0	30	7	0	0	0	0	0	0	0
fsh-generated/resources/Observation-mii-exa-test-data-patho-macroscopic-laterality-01.json	1769	1	0	0	0	0	0	0	1	1	0	0	0	0	0	0	0	0	0	0	0	31	10	0	0	0	0	0	0	0
fsh-generated/resources/Observation-mii-exa-test-data-patho-macroscopic-laterality-03.json	1813	1	0	0	0	0	0	0	0	2	0	0	0	0	0	0	0	0	0	0	0	30	12	0	0	1	0	0	0	0
fsh-generated/resources/Observation-mii-exa-test-data-patho-macroscopic-length-01.json	1710	1	0	0	0	0	0	0	0	5	0	0	0	0	0	0	0	0	0	0	0	76	8	0	0	0	0	0	0	0
fsh-generated/resources/Observation-mii-exa-test-data-patho-macroscopic-length-03.json	1754	0	0	0	0	0	0	0	0	3	0	0	0	0	0	0	0	0	0	0	0	30	7	0	0	0	0	0	0	0
fsh-generated/resources/Observation-mii-exa-test-data-patho-micro-grouper-1.json	2895	2	0	0	1	0	0	0	0	0	0	0	0	0	0	0	0	0	0	0	0	28	21	0	0	0	0	0	0	0
fsh-generated/resources/Observation-mii-exa-test-data-patho-micro-grouper-dar-1.json	2361	1	0	0	0	0	0	0	0	2	0	0	0	0	0	0	0	0	0	0	0	32	9	0	0	0	0	0	0	0
fsh-generated/resources/Observation-mii-exa-test-data-patho-morph-text-01.json	1693	1	0	0	0	0	0	0	1	1	0	0	0	0	0	0	0	0	0	0	0	29	8	0	0	0	0	0	0	0
fsh-generated/resources/Observation-mii-exa-test-data-patho-morph-text-03.json	1675	1	0	0	0	0	0	0	0	3	0	0	0	0	0	0	0	0	0	0	0	29	7	0	0	0	0	0	0	0
fsh-generated/resources/Observation-mii-exa-test-data-patho-morphology-free-text.json	1433	1	0	0	1	0	0	0	0	2	0	0	0	0	0	0	0	0	0	0	0	28	7	0	0	0	0	0	0	0
fsh-generated/resources/Observation-mii-exa-test-data-patho-p63-befund-1.json	1549	0	0	0	0	0	0	0	0	1	0	0	0	0	0	0	0	0	0	0	0	29	9	0	0	0	0	0	0	0
fsh-generated/resources/Observation-mii-exa-test-data-patho-percentage-gleason-45.json	1518	1	0	0	0	0	0	0	0	2	0	0	0	0	0	0	0	0	0	0	0	29	7	0	0	0	0	0	0	0
fsh-generated/resources/Observation-mii-exa-test-data-patho-percentage-tumor-total.json	1456	1	0	0	0	0	0	0	0	1	0	0	0	0	0	0	0	0	0	0	0	29	7	0	0	0	0	0	0	0
fsh-generated/resources/Observation-mii-exa-test-data-patho-perineural-infiltration.json	1531	2	0	0	0	0	0	0	0	1	0	0	0	0	0	0	0	0	0	0	0	28	8	0	0	0	0	0	0	0
fsh-generated/resources/Observation-mii-exa-test-data-patho-periprostatatic-fat-invasion.json	1563	1	0	0	1	0	0	0	0	2	0	0	0	0	0	0	0	0	0	0	0	28	7	0	0	0	0	0	0	0
fsh-generated/resources/Observation-mii-exa-test-data-patho-positive-cores-left.json	1549	1	0	0	0	0	0	0	1	1	0	0	0	0	0	0	0	0	0	0	0	28	7	0	0	0	0	0	0	0
fsh-generated/resources/Observation-mii-exa-test-data-patho-positive-cores-right.json	1552	1	0	0	0	0	0	0	0	2	0	0	0	0	0	0	0	0	0	0	0	27	7	0	0	0	0	0	0	0
fsh-generated/resources/Observation-mii-exa-test-data-patho-primaer-gleason-01.json	1873	1	0	0	0	0	0	0	0	1	0	0	0	0	0	0	0	0	0	0	0	29	8	0	0	0	0	0	0	0
fsh-generated/resources/Observation-mii-exa-test-data-patho-primary-gleason-pattern.json	1793	1	0	0	0	0	0	0	0	1	0	0	0	0	0	0	0	0	0	0	0	28	8	0	0	0	0	0	0	0
fsh-generated/resources/Observation-mii-exa-test-data-patho-psa-1.json	1707	1	0	0	1	0	0	0	0	2	0	0	0	0	0	0	0	0	0	0	0	27	5	0	0	0	0	0	0	1
fsh-generated/resources/Observation-mii-exa-test-data-patho-ratio-positive-cores.json	1543	1	0	0	0	0	0	0	0	1	0	0	0	0	0	0	0	0	0	0	0	32	7	0	0	0	0	0	0	0
fsh-generated/resources/Observation-mii-exa-test-data-patho-secondary-gleason-pattern.json	1801	1	0	0	0	0	0	0	0	2	0	0	0	0	0	0	0	0	0	0	0	31	9	0	0	0	0	0	0	0
fsh-generated/resources/Observation-mii-exa-test-data-patho-sekundaer-gleason-01.json	1879	1	0	0	0	0	0	0	1	1	0	0	0	0	0	0	0	0	0	0	0	30	8	0	0	0	0	0	0	0
fsh-generated/resources/Observation-mii-exa-test-data-patho-seminal-vesicle-invasion.json	1557	2	0	0	1	0	0	0	0	1	0	0	0	0	0	0	0	0	0	0	0	28	7	0	0	0	0	0	0	0
fsh-generated/resources/Observation-mii-exa-test-data-patho-tnm-m-1.json	1062	0	0	0	0	0	0	0	0	2	0	0	0	0	0	0	0	0	0	0	0	28	4	0	0	0	0	0	0	0
fsh-generated/resources/Observation-mii-exa-test-data-patho-tnm-n-1.json	1082	1	0	0	0	0	0	0	0	1	0	0	0	0	0	0	0	0	0	0	0	27	5	0	0	0	0	0	0	0
fsh-generated/resources/Observation-mii-exa-test-data-patho-tnm-t-1.json	1089	0	0	0	0	0	0	0	0	1	0	0	0	0	0	0	0	0	0	0	0	27	4	0	0	0	0	0	0	0
fsh-generated/resources/Observation-mii-exa-test-data-patho-tumor-length-total.json	1437	1	0	0	0	0	0	0	0	2	0	0	0	0	0	0	0	0	0	0	0	29	7	0	0	0	0	0	0	0
fsh-generated/resources/Observation-mii-exa-test-data-patho-tumoranteil-01.json	1707	1	0	0	0	0	0	0	0	1	0	0	0	0	0	0	0	0	0	0	0	30	8	0	0	0	0	0	0	0
fsh-generated/resources/Observation-mii-exa-test-data-patho-zusatz-grouper-1.json	2234	1	0	0	0	0	0	0	0	0	0	0	0	0	0	0	0	0	0	0	0	27	12	0	0	0	0	0	0	0
fsh-generated/resources/Observation-mii-exa-test-data-patho-zusatz-grouper-dar-1.json	2325	2	0	0	1	0	0	0	0	2	0	0	0	0	0	0	0	1	0	0	0	31	9	0	0	0	0	0	0	0
fsh-generated/resources/Observation-mii-exa-test-data-patient-1-icu-bilanz-ausf-fluess-1.json	2722	0	0	0	0	0	0	0	1	2	0	0	0	0	0	0	0	0	0	0	0	31	10	0	0	0	0	0	0	0
fsh-generated/resources/Observation-mii-exa-test-data-patient-1-icu-bilanz-ausf-galle-1.json	2897	1	0	0	0	0	0	0	0	2	0	0	0	0	0	0	0	0	0	0	0	33	9	0	0	0	0	0	0	0
fsh-generated/resources/Observation-mii-exa-test-data-patient-1-icu-bilanz-ausf-gallengang-1.json	2433	1	0	0	0	0	0	0	0	1	0	0	0	0	0	0	0	0	0	0	0	31	7	0	0	0	0	0	0	0
fsh-generated/resources/Observation-mii-exa-test-data-patient-1-icu-bilanz-ausf-magen-1.json	2916	1	0	0	0	0	0	0	0	2	0	0	0	0	0	0	0	0	0	0	0	31	9	0	0	0	0	0	0	0
fsh-generated/resources/Observation-mii-exa-test-data-patient-1-icu-bilanz-ausf-opdrain-1.json	2751	1	0	0	0	0	0	0	1	2	0	0	0	0	0	0	0	0	0	0	0	32	10	0	0	0	0	0	0	0
fsh-generated/resources/Observation-mii-exa-test-data-patient-1-icu-bilanz-ausf-pankreas-1.json	2789	1	0	0	0	0	0	0	0	1	0	0	0	0	0	0	0	0	0	0	0	31	10	0	0	0	0	0	0	0
fsh-generated/resources/Observation-mii-exa-test-data-patient-1-icu-bilanz-ausf-stuhl-1.json	2697	1	0	0	0	0	0	0	0	2	0	0	0	0	0	0	0	0	0	0	0	30	9	0	0	0	0	0	0	0
fsh-generated/resources/Observation-mii-exa-test-data-patient-1-icu-bilanz-ausf-urin-1.json	2717	1	0	0	0	0	0	0	0	2	0	0	0	0	0	0	0	0	0	0	0	31	11	0	0	0	0	0	0	0
fsh-generated/resources/Observation-mii-exa-test-data-patient-1-icu-bilanz-ausf-wunde-1.json	2884	1	0	0	1	0	0	0	1	1	0	0	0	0	0	0	0	0	0	0	0	31	11	0	0	0	0	0	0	0
fsh-generated/resources/Observation-mii-exa-test-data-patient-1-icu-bilanz-blutverlust-1.json	2712	0	0	0	0	0	0	0	0	2	0	0	0	0	0	0	0	0	0	0	0	31	11	0	0	0	0	0	0	0
fsh-generated/resources/Observation-mii-exa-test-data-patient-1-icu-bilanz-drainage-1.json	2794	1	0	0	0	0	0	0	0	2	0	0	0	0	0	0	0	0	0	0	0	30	10	0	0	0	0	0	0	0
fsh-generated/resources/Observation-mii-exa-test-data-patient-1-icu-bilanz-einf-enteral-1.json	2766	1	0	0	0	0	0	0	0	1	0	0	0	0	0	0	0	0	0	0	0	33	10	0	0	0	0	0	0	0
fsh-generated/resources/Observation-mii-exa-test-data-patient-1-icu-bilanz-einf-fluess-1.json	2756	1	0	0	0	0	0	0	1	2	0	0	0	0	0	0	0	0	0	0	0	30	10	0	0	0	0	0	0	0
fsh-generated/resources/Observation-mii-exa-test-data-patient-1-icu-bilanz-einf-mumi-1.json	2732	1	0	0	0	0	0	0	0	2	0	0	0	0	0	0	0	0	0	0	0	30	9	0	0	0	0	0	0	0
fsh-generated/resources/Observation-mii-exa-test-data-patient-1-icu-bilanz-einf-mumi-abgep-1.json	2760	1	0	0	0	0	0	0	0	2	0	0	0	0	0	0	0	0	0	0	0	31	10	0	0	0	0	0	0	0
fsh-generated/resources/Observation-mii-exa-test-data-patient-1-icu-bilanz-einf-oral-1.json	2092	1	0	0	0	0	0	0	0	1	0	0	0	0	0	0	0	0	0	0	0	28	8	0	0	0	0	0	0	0
fsh-generated/resources/Observation-mii-exa-test-data-patient-1-icu-bilanz-einf-oral-fluess-1.json	2876	1	0	0	0	0	0	0	0	2	0	0	0	0	0	0	0	0	0	0	0	30	9	0	0	0	1	0	0	0
fsh-generated/resources/Observation-mii-exa-test-data-patient-1-icu-bilanz-einf-saeugling-1.json	2737	1	0	0	1	0	0	0	1	2	0	0	0	0	0	0	0	0	0	0	0	29	9	0	0	0	0	0	0	0
fsh-generated/resources/Observation-mii-exa-test-data-patient-1-icu-bilanz-einf-spendermilch-1.json	2732	1	0	0	0	0	0	0	0	2	0	0	0	0	0	0	0	0	0	0	0	30	10	0	0	0	0	0	0	0
fsh-generated/resources/Observation-mii-exa-test-data-patient-1-icu-bilanz-ges-ausf-1.json	2433	0	0	0	0	0	0	0	0	2	0	0	0	0	0	0	0	0	0	0	0	29	7	0	0	0	0	0	0	0
fsh-generated/resources/Observation-mii-exa-test-data-patient-1-icu-bilanz-ges-einf-1.json	2091	1	0	0	0	0	0	0	0	1	0	0	0	0	0	0	0	0	0	0	0	28	8	0	0	0	0	0	0	0
fsh-generated/resources/Observation-mii-exa-test-data-patient-1-icu-bilanz-haemofiltr-1.json	2792	1	0	0	0	0	0	0	1	2	0	0	0	0	0	0	0	0	0	0	0	29	12	0	0	0	0	0	0	0
fsh-generated/resources/Observation-mii-exa-test-data-patient-1-icu-bilanz-status-1.json	2705	1	0	0	0	0	0	0	0	2	0	0	0	0	0	0	0	0	0	0	0	29	10	0	0	0	0	0	0	0
fsh-generated/resources/Observation-mii-exa-test-data-patient-1-icu-bilanz-tages-1.json	2716	1	0	0	0	0	0	0	0	2	0	0	0	0	0	0	0	0	0	0	0	30	9	0	0	0	0	0	0	0
fsh-generated/resources/Observation-mii-exa-test-data-patient-1-icu-ect-art-druck-1.json	1596	1	0	0	0	0	0	0	0	2	0	0	0	0	0	0	0	0	0	0	0	27	9	0	0	0	0	0	0	0
fsh-generated/resources/Observation-mii-exa-test-data-patient-1-icu-ect-blutfl-cardio-1.json	1647	1	0	0	0	0	0	0	0	2	0	0	0	0	0	0	0	0	0	0	0	28	8	0	0	0	0	0	0	0
fsh-generated/resources/Observation-mii-exa-test-data-patient-1-icu-ect-blutfl-extra-1.json	1638	0	0	0	0	0	0	0	0	2	0	0	0	0	0	0	0	0	0	0	0	28	9	0	0	0	0	0	0	0
fsh-generated/resources/Observation-mii-exa-test-data-patient-1-icu-ect-blutfl-idx-1.json	1650	2	0	0	1	0	0	0	1	2	0	0	0	0	0	0	0	0	0	0	0	28	9	0	0	0	0	0	0	0
fsh-generated/resources/Observation-mii-exa-test-data-patient-1-icu-ect-dauer-extra-1.json	1626	1	0	0	0	0	0	0	0	2	0	0	0	0	0	0	0	0	0	0	0	28	9	0	0	0	0	0	0	0
fsh-generated/resources/Observation-mii-exa-test-data-patient-1-icu-ect-dauer-haemo-1.json	1613	0	0	0	0	0	0	0	0	2	0	0	0	0	0	0	0	0	0	0	0	30	10	0	0	0	0	0	0	0
fsh-generated/resources/Observation-mii-exa-test-data-patient-1-icu-ect-gasfluss-1.json	1577	1	0	0	0	0	0	0	0	2	0	0	0	0	0	0	0	0	0	0	0	35	9	0	0	0	0	0	0	0
fsh-generated/resources/Observation-mii-exa-test-data-patient-1-icu-ect-haemo-blutfl-1.json	1613	1	0	0	0	0	0	0	0	2	0	0	0	0	0	0	0	0	0	0	0	30	9	0	0	0	0	0	0	0
fsh-generated/resources/Observation-mii-exa-test-data-patient-1-icu-ect-kalzium-1.json	1652	1	0	0	0	0	0	0	0	1	0	0	0	0	0	0	0	0	0	0	0	31	9	0	0	0	0	0	0	0
fsh-generated/resources/Observation-mii-exa-test-data-patient-1-icu-ect-param-generisch-1.json	1618	1	0	0	0	0	0	0	0	2	0	0	0	0	0	0	0	0	0	0	0	31	8	0	0	0	0	0	0	0
fsh-generated/resources/Observation-mii-exa-test-data-patient-1-icu-ect-substituatfl-1.json	1599	0	0	0	0	0	0	0	0	1	0	0	0	0	0	0	0	0	0	0	0	31	10	0	0	0	0	0	0	0
fsh-generated/resources/Observation-mii-exa-test-data-patient-1-icu-ect-substituatvol-1.json	1592	1	0	0	0	0	0	0	1	2	0	0	0	0	0	0	0	0	0	0	1	29	9	0	0	0	0	0	0	0
fsh-generated/resources/Observation-mii-exa-test-data-patient-1-icu-ect-ven-druck-1.json	1585	1	0	0	1	0	0	0	0	1	0	0	0	0	0	0	0	0	0	0	0	31	9	0	0	0	0	0	0	0
fsh-generated/resources/Observation-mii-exa-test-data-patient-1-icu-event-o2-partial-1.json	2013	1	0	0	0	0	0	0	0	2	0	0	0	0	0	0	0	0	0	0	0	34	9	0	0	0	0	0	0	0
fsh-generated/resources/Observation-mii-exa-test-data-patient-1-icu-event-o2-partial-dar-1.json	2328	1	0	0	0	0	0	0	0	1	0	0	0	0	0	0	0	0	0	0	0	30	9	0	0	0	0	0	0	0
fsh-generated/resources/Observation-mii-exa-test-data-patient-1-icu-muv-atemfreq-1.json	1481	0	0	0	0	0	0	0	0	2	0	0	0	0	0	0	0	0	0	0	0	30	7	0	0	0	0	0	0	0
fsh-generated/resources/Observation-mii-exa-test-data-patient-1-icu-muv-blutdruck-1.json	4626	1	0	0	0	0	0	0	1	2	0	0	0	0	0	0	0	0	0	0	0	34	9	0	0	0	0	0	0	0
fsh-generated/resources/Observation-mii-exa-test-data-patient-1-icu-muv-blutdruck-dar-1.json	4585	1	0	0	0	0	0	0	0	1	0	0	0	0	0	0	0	0	0	0	0	33	8	0	0	0	0	0	0	1
fsh-generated/resources/Observation-mii-exa-test-data-patient-1-icu-muv-gewicht-1.json	2198	1	0	0	0	0	0	0	0	2	0	0	0	0	0	0	0	0	0	0	0	29	6	0	0	0	0	0	0	0
fsh-generated/resources/Observation-mii-exa-test-data-patient-1-icu-muv-gewicht-var-1.json	1334	1	0	0	0	0	0	0	0	1	0	0	0	0	0	0	0	0	0	0	0	27	4	0	0	0	0	0	0	0
fsh-generated/resources/Observation-mii-exa-test-data-patient-1-icu-muv-groesse-1.json	1602	1	0	0	0	0	0	0	0	2	0	0	0	0	0	0	0	0	0	0	0	28	5	0	0	0	0	0	0	0
fsh-generated/resources/Observation-mii-exa-test-data-patient-1-icu-muv-groesse-dar-1.json	1977	1	0	0	0	0	0	0	0	1	0	0	0	0	0	0	0	0	0	0	0	29	7	0	0	0	0	0	0	0
fsh-generated/resources/Observation-mii-exa-test-data-patient-1-icu-muv-groesse-var-1.json	1336	0	0	0	1	0	0	0	1	1	0	0	0	0	0	0	0	0	0	0	0	29	4	0	0	0	0	0	0	0
fsh-generated/resources/Observation-mii-exa-test-data-patient-1-icu-muv-herzfreq-1.json	3975	1	0	0	0	0	0	0	0	2	0	0	0	0	0	0	0	0	0	0	0	34	12	0	0	0	0	0	0	0
fsh-generated/resources/Observation-mii-exa-test-data-patient-1-icu-muv-herzfreq-dar-1.json	2872	1	0	0	0	0	0	0	0	2	0	0	0	0	0	0	0	0	0	0	0	31	8	0	0	0	0	0	0	0
fsh-generated/resources/Observation-mii-exa-test-data-patient-1-icu-muv-kopfumfang-1.json	1660	1	0	0	0	0	0	0	0	2	0	0	0	0	0	0	0	0	0	0	0	29	5	0	0	0	0	0	0	0
fsh-generated/resources/Observation-mii-exa-test-data-patient-1-icu-muv-kopfumfang-dar-1.json	2129	1	0	0	0	0	0	0	0	1	0	0	0	0	0	0	0	0	0	0	0	30	6	0	0	0	0	0	0	0
fsh-generated/resources/Observation-mii-exa-test-data-patient-1-icu-muv-laenge-1.json	3817	1	0	0	0	0	0	0	1	2	0	0	0	0	0	0	0	0	0	0	0	33	12	0	0	0	0	0	0	0
fsh-generated/resources/Observation-mii-exa-test-data-patient-1-icu-muv-laenge-dar-1.json	2542	1	0	0	0	0	0	0	0	2	0	0	0	0	0	0	0	0	0	0	0	31	8	0	0	0	0	0	0	0
fsh-generated/resources/Observation-mii-exa-test-data-patient-1-icu-muv-laenge-var-1.json	1272	1	0	0	0	0	0	0	0	1	0	0	0	0	0	0	0	0	0	0	0	27	4	0	0	0	0	0	0	0
fsh-generated/resources/Observation-mii-exa-test-data-patient-1-icu-pupille-befund-1.json	2307	0	0	0	1	0	0	0	0	2	0	0	0	0	0	0	0	0	0	0	0	30	18	0	0	0	0	0	0	0
fsh-generated/resources/Observation-mii-exa-test-data-patient-1-icu-pupille-befund-dar-1.json	2544	1	0	0	0	0	0	0	0	2	0	0	0	0	0	0	0	0	0	0	0	30	18	0	0	0	0	0	0	0
fsh-generated/resources/Observation-mii-exa-test-data-patient-1-icu-pupille-form-li-1.json	1604	1	0	0	0	0	0	0	1	1	0	0	0	0	0	0	0	0	0	0	0	28	6	0	0	0	0	0	0	0
fsh-generated/resources/Observation-mii-exa-test-data-patient-1-icu-pupille-form-li-dar-1.json	1777	1	0	0	0	0	0	0	0	2	0	0	0	0	0	0	0	0	0	0	0	28	7	0	0	0	0	0	0	0
fsh-generated/resources/Observation-mii-exa-test-data-patient-1-icu-pupille-form-re-1.json	1605	0	0	0	0	0	0	0	0	1	0	0	0	0	0	0	0	0	0	0	0	27	6	0	0	0	0	0	0	0
fsh-generated/resources/Observation-mii-exa-test-data-patient-1-icu-pupille-form-re-dar-1.json	1779	1	0	0	0	0	0	0	0	2	0	0	0	0	0	0	0	0	0	0	0	28	6	0	0	0	0	0	0	0
fsh-generated/resources/Observation-mii-exa-test-data-patient-1-icu-pupille-groesse-li-1.json	1570	1	0	0	0	0	0	0	0	1	0	0	0	0	0	0	0	0	0	0	0	27	6	0	0	0	0	0	0	0
fsh-generated/resources/Observation-mii-exa-test-data-patient-1-icu-pupille-groesse-li-dar-1.json	1798	1	0	0	0	0	0	0	0	1	0	0	0	0	0	0	0	0	0	0	0	28	7	0	0	0	0	0	0	0
fsh-generated/resources/Observation-mii-exa-test-data-patient-1-icu-pupille-groesse-re-1.json	1571	1	0	0	0	0	0	0	0	2	0	0	0	0	0	0	0	0	0	0	0	27	6	0	0	0	0	0	0	0
fsh-generated/resources/Observation-mii-exa-test-data-patient-1-icu-pupille-groesse-re-dar-1.json	1800	0	0	0	1	0	0	0	1	1	0	0	0	0	0	0	0	0	0	0	0	29	6	0	0	0	0	0	0	0
fsh-generated/resources/Observation-mii-exa-test-data-patient-1-icu-pupille-licht-dir-li-1.json	1618	1	0	0	0	0	0	0	0	1	0	0	0	0	0	0	0	0	0	0	0	27	6	0	0	0	0	0	0	0
fsh-generated/resources/Observation-mii-exa-test-data-patient-1-icu-pupille-licht-dir-li-dar-1.json	1781	1	0	0	0	0	0	0	0	2	0	0	0	0	0	0	0	0	0	0	0	28	6	0	0	0	0	0	0	0
fsh-generated/resources/Observation-mii-exa-test-data-patient-1-icu-pupille-licht-dir-re-1.json	1608	1	0	0	0	0	0	0	0	1	0	0	0	0	0	0	0	0	0	0	0	29	6	0	0	0	0	0	0	0
fsh-generated/resources/Observation-mii-exa-test-data-patient-1-icu-pupille-licht-dir-re-dar-1.json	1783	1	0	0	0	0	0	0	0	2	0	0	0	0	0	0	0	0	0	0	0	30	6	0	0	0	0	0	0	0
fsh-generated/resources/Observation-mii-exa-test-data-patient-1-icu-pupille-licht-ind-li-1.json	1620	0	0	0	0	0	0	1	0	1	0	0	0	0	0	0	0	1	0	0	0	28	6	0	0	0	0	0	0	0
fsh-generated/resources/Observation-mii-exa-test-data-patient-1-icu-pupille-licht-ind-li-dar-1.json	1788	1	0	0	0	0	0	0	0	1	0	0	0	0	0	0	0	0	0	0	0	29	7	0	0	0	0	0	0	0
fsh-generated/resources/Observation-mii-exa-test-data-patient-1-icu-pupille-licht-ind-re-1.json	1610	1	0	0	0	0	0	0	0	2	0	0	0	0	0	0	0	0	0	0	0	27	6	0	0	0	0	0	0	0
fsh-generated/resources/Observation-mii-exa-test-data-patient-1-icu-pupille-licht-ind-re-dar-1.json	1790	1	0	0	0	0	0	0	1	1	0	0	0	0	0	0	0	0	0	0	0	29	6	0	0	0	0	0	0	0
fsh-generated/resources/Observation-mii-exa-test-data-patient-1-icu-pupille-symmetrie-1.json	1704	1	0	0	1	0	0	0	0	1	0	0	0	0	0	0	0	0	0	0	0	28	6	0	0	0	0	0	0	0
fsh-generated/resources/Observation-mii-exa-test-data-patient-1-icu-pupille-symmetrie-dar-1.json	1859	1	0	0	0	0	0	0	0	2	0	0	0	0	0	0	0	0	0	0	0	28	6	0	0	0	0	0	0	0
fsh-generated/resources/Observation-mii-exa-test-data-patient-1-icu-score-cam-icu-1.json	5024	1	0	0	0	0	0	0	0	1	0	0	0	0	0	0	0	0	0	0	0	33	13	0	0	0	0	0	0	0
fsh-generated/resources/Observation-mii-exa-test-data-patient-1-icu-score-fpsr-1.json	2617	1	0	0	0	0	0	0	0	3	0	0	0	0	0	0	0	0	0	0	0	29	11	0	0	0	0	0	0	0
fsh-generated/resources/Observation-mii-exa-test-data-patient-1-icu-score-fpsr-dar-1.json	2629	1	0	0	0	0	0	0	1	2	0	0	0	0	0	0	0	0	0	0	0	29	8	0	0	0	0	0	0	0
fsh-generated/resources/Observation-mii-exa-test-data-patient-1-icu-score-gcs-1.json	3702	1	0	0	0	0	0	0	0	2	0	0	0	0	0	0	0	0	0	0	0	32	12	0	0	0	0	0	0	0
fsh-generated/resources/Observation-mii-exa-test-data-patient-1-icu-score-gcs-dar-1.json	3548	1	0	0	0	0	0	0	0	2	0	0	0	0	0	0	0	0	0	0	0	31	8	0	0	0	0	0	0	0
fsh-generated/resources/Observation-mii-exa-test-data-patient-1-icu-score-icdsc-1.json	3028	0	0	0	0	0	0	0	0	1	0	0	0	0	0	0	0	0	0	0	0	32	13	0	0	0	0	0	0	0
fsh-generated/resources/Observation-mii-exa-test-data-patient-1-icu-score-nrs-1.json	2528	1	0	0	0	0	0	0	1	2	0	0	0	0	0	0	0	0	0	0	0	29	12	0	0	0	0	0	0	0
fsh-generated/resources/Observation-mii-exa-test-data-patient-1-icu-score-nrs-dar-1.json	2290	1	0	0	1	0	0	0	0	2	0	0	0	0	0	0	0	0	0	0	0	29	7	0	0	0	0	0	0	0
fsh-generated/resources/Observation-mii-exa-test-data-patient-1-icu-score-rass-1.json	1840	1	0	0	0	0	0	0	0	1	0	0	0	0	0	0	0	0	0	0	0	29	7	0	0	0	0	0	0	0
fsh-generated/resources/Observation-mii-exa-test-data-patient-1-icu-score-rass-dar-1.json	1820	1	0	0	0	0	0	0	0	2	0	0	0	0	0	0	0	0	0	0	0	30	8	0	0	0	0	0	0	0
fsh-generated/resources/Observation-mii-exa-test-data-patient-1-icu-score-sofa-1.json	4747	1	0	0	0	0	0	0	0	2	0	0	0	0	0	0	0	0	0	0	0	34	13	0	0	0	0	0	0	0
fsh-generated/resources/Observation-mii-exa-test-data-patient-1-icu-score-vas-1.json	2672	1	0	0	0	0	0	0	1	2	0	0	0	0	0	0	0	0	0	0	0	32	12	0	0	0	0	0	0	0
fsh-generated/resources/Observation-mii-exa-test-data-patient-1-icu-score-vas-dar-1.json	2761	1	0	0	0	0	0	0	0	2	0	0	0	0	0	0	0	0	0	0	0	33	8	0	0	0	0	0	0	0
fsh-generated/resources/Observation-mii-exa-test-data-patient-1-icu-score-wbf-1.json	1406	0	0	0	0	0	0	0	0	1	0	0	0	0	0	0	0	0	0	0	0	29	7	0	0	0	0	0	0	0
fsh-generated/resources/Observation-mii-exa-test-data-patient-1-icu-score-zopa-1.json	3720	1	0	0	0	0	0	0	0	2	0	0	0	0	0	0	0	0	0	0	0	32	13	0	0	0	0	0	0	0
fsh-generated/resources/Observation-mii-exa-test-data-patient-1-icu-score-zopa-dar-1.json	2565	1	0	0	1	0	0	0	0	2	0	0	0	0	0	0	0	0	0	0	0	31	8	0	0	0	0	0	0	0
fsh-generated/resources/Observation-mii-exa-test-data-patient-1-icu-vent-atemdr-mitt-1.json	1705	1	0	0	0	0	0	0	1	1	0	0	0	0	0	0	0	0	0	0	0	30	9	0	0	0	0	0	0	0
fsh-generated/resources/Observation-mii-exa-test-data-patient-1-icu-vent-atemdr-mitt-dar-1.json	2019	1	0	0	0	0	0	0	0	2	0	0	0	0	0	0	0	0	0	0	0	30	8	0	0	0	0	0	0	0
fsh-generated/resources/Observation-mii-exa-test-data-patient-1-icu-vent-atemdr-null-1.json	1701	1	0	0	0	0	0	0	0	1	0	0	0	0	0	0	0	0	0	0	0	30	9	0	0	0	0	0	0	1
fsh-generated/resources/Observation-mii-exa-test-data-patient-1-icu-vent-atemdr-null-dar-1.json	2015	1	0	0	0	0	0	0	0	2	0	0	0	0	0	0	0	0	0	0	0	35	9	0	0	0	0	0	0	0
fsh-generated/resources/Observation-mii-exa-test-data-patient-1-icu-vent-compliance-1.json	1979	0	0	0	0	0	0	0	0	1	0	0	0	0	0	0	0	0	0	0	0	31	8	0	0	0	0	0	0	0
fsh-generated/resources/Observation-mii-exa-test-data-patient-1-icu-vent-compliance-dar-1.json	2286	1	0	0	0	0	0	0	0	2	0	0	0	0	0	0	0	0	0	0	0	31	9	0	0	0	0	0	0	0
fsh-generated/resources/Observation-mii-exa-test-data-patient-1-icu-vent-dp-1.json	1807	1	0	0	0	0	0	0	0	1	0	0	0	0	0	0	0	0	0	0	0	36	9	0	0	0	0	0	0	0
fsh-generated/resources/Observation-mii-exa-test-data-patient-1-icu-vent-dp-dar-1.json	2120	1	0	0	0	0	0	0	1	2	0	0	0	0	0	0	0	0	0	0	0	31	9	0	0	0	0	0	0	0
fsh-generated/resources/Observation-mii-exa-test-data-patient-1-icu-vent-etco2-1.json	2023	1	0	0	1	0	0	0	0	1	0	0	0	0	0	0	0	0	0	0	0	31	9	0	0	0	0	0	0	0
fsh-generated/resources/Observation-mii-exa-test-data-patient-1-icu-vent-etco2-dar-1.json	2338	1	0	0	0	0	0	0	0	2	0	0	0	0	0	0	0	0	0	0	0	33	9	0	0	0	0	0	0	0
fsh-generated/resources/Observation-mii-exa-test-data-patient-1-icu-vent-exp-flow-1.json	1844	0	0	0	0	0	0	0	0	1	0	0	0	0	0	0	0	0	0	0	0	31	8	0	0	0	0	0	0	0
fsh-generated/resources/Observation-mii-exa-test-data-patient-1-icu-vent-exp-flow-dar-1.json	2159	1	0	0	0	0	0	0	0	1	0	0	0	0	0	0	0	0	0	0	0	32	10	0	0	0	0	0	0	0
fsh-generated/resources/Observation-mii-exa-test-data-patient-1-icu-vent-fio2-eingest-1.json	1691	1	0	0	0	0	0	0	0	2	0	0	0	0	0	0	0	0	0	0	0	34	8	0	0	0	0	0	0	0
fsh-generated/resources/Observation-mii-exa-test-data-patient-1-icu-vent-fio2-gem-1.json	1684	1	0	0	0	0	0	0	0	1	0	0	0	0	0	0	0	0	0	0	0	31	9	0	0	0	0	0	0	0
fsh-generated/resources/Observation-mii-exa-test-data-patient-1-icu-vent-fio2-gem-dar-1.json	1999	1	0	0	0	0	0	0	1	2	0	0	0	0	0	0	0	0	0	0	0	31	9	0	0	0	0	0	0	0
fsh-generated/resources/Observation-mii-exa-test-data-patient-1-icu-vent-freq-mech-1.json	2000	1	0	0	1	0	0	0	0	1	0	0	0	0	0	0	0	0	0	0	0	30	9	0	0	0	0	0	0	0
fsh-generated/resources/Observation-mii-exa-test-data-patient-1-icu-vent-freq-mech-dar-1.json	2294	0	0	0	0	0	0	0	0	2	0	0	0	0	0	0	0	0	0	0	0	31	9	0	0	0	0	0	0	0
fsh-generated/resources/Observation-mii-exa-test-data-patient-1-icu-vent-freq-spont-1.json	2133	1	0	0	0	0	0	0	0	1	0	0	0	0	0	0	0	0	0	0	0	31	9	0	0	0	0	0	0	0
fsh-generated/resources/Observation-mii-exa-test-data-patient-1-icu-vent-freq-spont-dar-1.json	2437	2	0	0	0	0	0	0	0	2	0	0	0	0	0	0	0	0	0	0	0	31	9	0	0	0	0	0	0	0
fsh-generated/resources/Observation-mii-exa-test-data-patient-1-icu-vent-freq-spont-mech-1.json	2139	1	0	0	0	0	0	0	0	1	0	0	0	0	0	0	0	0	0	0	0	30	8	0	0	0	0	0	0	0
fsh-generated/resources/Observation-mii-exa-test-data-patient-1-icu-vent-freq-spont-mech-dar-1.json	2442	0	0	0	0	0	0	0	1	2	0	0	0	0	0	0	0	0	0	0	0	38	9	0	0	0	0	0	0	0
fsh-generated/resources/Observation-mii-exa-test-data-patient-1-icu-vent-horowitz-1.json	1934	1	0	0	0	0	0	0	0	1	0	0	0	0	0	0	0	0	0	0	0	32	9	0	0	0	0	0	0	0
fsh-generated/resources/Observation-mii-exa-test-data-patient-1-icu-vent-horowitz-dar-1.json	2249	1	0	0	0	0	0	0	0	2	0	0	0	0	0	0	0	0	0	0	0	31	9	0	0	0	0	0	0	0
fsh-generated/resources/Observation-mii-exa-test-data-patient-1-icu-vent-ie-ratio-1.json	1993	1	0	0	0	0	0	0	0	1	0	0	0	0	0	0	0	0	0	0	0	31	9	0	0	0	0	0	0	0
fsh-generated/resources/Observation-mii-exa-test-data-patient-1-icu-vent-ie-ratio-dar-1.json	2284	1	0	0	1	0	0	0	0	2	0	0	0	0	0	0	0	0	0	0	0	31	10	0	0	0	0	0	0	0
fsh-generated/resources/Observation-mii-exa-test-data-patient-1-icu-vent-insp-flow-1.json	1814	1	0	0	0	0	0	0	0	1	0	0	0	0	0	0	0	0	0	0	0	30	9	0	0	0	0	0	0	0
fsh-generated/resources/Observation-mii-exa-test-data-patient-1-icu-vent-insp-flow-dar-1.json	2129	1	0	0	0	0	0	0	0	2	0	0	0	0	0	0	0	0	0	0	0	32	9	0	0	0	0	0	0	0
fsh-generated/resources/Observation-mii-exa-test-data-patient-1-icu-vent-insp-flow-set-1.json	1677	0	0	0	0	0	0	0	1	2	0	0	0	0	0	0	0	0	0	0	0	36	10	0	0	0	0	0	0	0
fsh-generated/resources/Observation-mii-exa-test-data-patient-1-icu-vent-insp-flow-set-dar-1.json	1971	1	0	0	0	0	0	0	0	2	0	0	0	0	0	0	0	0	0	0	0	33	9	0	0	0	0	0	0	0
fsh-generated/resources/Observation-mii-exa-test-data-patient-1-icu-vent-map-1.json	1975	1	0	0	0	0	0	0	0	2	0	0	0	0	0	0	0	0	0	0	0	33	10	0	0	0	0	0	0	0
fsh-generated/resources/Observation-mii-exa-test-data-patient-1-icu-vent-map-dar-1.json	2288	1	0	0	0	0	0	0	0	2	0	0	0	0	0	0	0	0	0	0	0	31	9	0	0	0	0	0	0	0
fsh-generated/resources/Observation-mii-exa-test-data-patient-1-icu-vent-mv-masch-1.json	2050	1	0	0	0	0	0	0	0	2	0	0	0	0	0	0	0	0	0	0	0	31	10	0	0	0	0	0	0	0
fsh-generated/resources/Observation-mii-exa-test-data-patient-1-icu-vent-mv-masch-dar-1.json	2364	1	0	0	1	0	0	0	0	2	0	0	0	0	0	0	0	0	0	0	0	31	10	0	0	0	0	0	0	0
fsh-generated/resources/Observation-mii-exa-test-data-patient-1-icu-vent-param-generisch-1.json	1678	0	0	0	0	0	0	0	1	1	0	0	0	0	0	0	0	0	0	0	0	29	9	0	0	0	0	0	0	0
fsh-generated/resources/Observation-mii-exa-test-data-patient-1-icu-vent-param-generisch-dar-1.json	1992	1	0	0	0	0	0	0	0	2	0	0	0	0	0	0	0	0	0	0	0	30	10	0	0	0	0	0	0	0
fsh-generated/resources/Observation-mii-exa-test-data-patient-1-icu-vent-peep-1.json	1991	1	0	0	0	0	0	0	0	1	0	0	0	0	0	0	0	0	0	0	0	30	10	0	0	0	0	0	0	0
fsh-generated/resources/Observation-mii-exa-test-data-patient-1-icu-vent-peep-dar-1.json	2283	1	0	0	0	0	0	0	0	2	0	0	0	0	0	0	0	0	0	0	0	31	9	0	0	0	0	0	0	0
fsh-generated/resources/Observation-mii-exa-test-data-patient-1-icu-vent-pip-1.json	1970	1	0	0	0	0	0	0	0	1	0	0	0	0	0	0	0	0	0	0	0	31	9	0	0	0	0	0	0	0
fsh-generated/resources/Observation-mii-exa-test-data-patient-1-icu-vent-pip-dar-1.json	2283	1	0	0	0	0	0	0	0	2	0	0	0	0	0	0	0	0	0	0	0	31	10	0	0	0	0	0	0	0
fsh-generated/resources/Observation-mii-exa-test-data-patient-1-icu-vent-pmax-insp-1.json	1843	0	0	0	0	0	0	0	0	1	0	0	0	0	0	0	0	0	0	0	0	30	9	0	0	0	0	0	0	0
fsh-generated/resources/Observation-mii-exa-test-data-patient-1-icu-vent-pmax-insp-dar-1.json	2156	1	0	0	1	0	0	0	1	2	0	0	0	0	0	0	0	0	0	0	0	31	9	0	0	0	0	0	0	0
fsh-generated/resources/Observation-mii-exa-test-data-patient-1-icu-vent-pmean-insp-1.json	1992	1	0	0	0	0	0	0	0	1	0	0	0	0	0	0	0	0	0	0	0	34	10	0	0	0	0	0	0	0
fsh-generated/resources/Observation-mii-exa-test-data-patient-1-icu-vent-pmean-insp-dar-1.json	2305	1	0	0	0	0	0	0	0	2	0	0	0	0	0	0	0	0	0	0	0	31	9	0	0	0	0	0	0	0
fsh-generated/resources/Observation-mii-exa-test-data-patient-1-icu-vent-pplat-1.json	2004	1	0	0	0	0	0	0	0	1	0	0	0	0	0	0	0	0	0	0	0	31	9	0	0	0	0	0	0	0
fsh-generated/resources/Observation-mii-exa-test-data-patient-1-icu-vent-pplat-dar-1.json	2317	1	0	0	0	0	0	0	0	2	0	0	0	0	0	0	0	0	0	0	0	31	10	0	0	0	0	0	0	0
fsh-generated/resources/Observation-mii-exa-test-data-patient-1-icu-vent-ps-1.json	1647	0	0	0	0	0	0	0	0	1	0	0	0	0	0	0	0	0	0	0	0	31	9	0	0	0	0	0	0	0
fsh-generated/resources/Observation-mii-exa-test-data-patient-1-icu-vent-ps-dar-1.json	1939	1	0	0	0	0	0	0	0	2	0	0	0	0	0	0	0	0	0	0	0	30	9	0	0	0	0	0	0	0
fsh-generated/resources/Observation-mii-exa-test-data-patient-1-icu-vent-te-1.json	1788	1	0	0	1	0	0	0	1	1	0	0	0	0	0	0	0	0	0	0	0	31	9	0	0	0	1	0	0	0
fsh-generated/resources/Observation-mii-exa-test-data-patient-1-icu-vent-te-dar-1.json	2085	1	0	0	0	0	0	0	0	2	0	0	0	0	0	0	0	0	0	0	0	31	9	0	0	0	0	0	0	0
fsh-generated/resources/Observation-mii-exa-test-data-patient-1-icu-vent-ti-1.json	1930	1	0	0	0	0	0	0	0	1	0	0	0	0	0	0	0	0	0	0	0	31	9	0	0	0	0	0	0	0
fsh-generated/resources/Observation-mii-exa-test-data-patient-1-icu-vent-ti-dar-1.json	2227	1	0	0	0	0	0	0	0	2	0	0	0	0	0	0	0	0	0	0	0	33	9	0	0	0	0	0	0	0
fsh-generated/resources/Observation-mii-exa-test-data-patient-1-icu-vent-vt-beat-1.json	2023	0	0	0	0	0	0	0	0	1	0	0	0	0	0	0	0	0	0	0	0	31	10	0	0	0	0	0	0	0
fsh-generated/resources/Observation-mii-exa-test-data-patient-1-icu-vent-vt-beat-dar-1.json	2343	1	0	0	0	0	0	0	0	2	0	0	0	0	0	0	0	0	0	0	0	33	10	0	0	0	0	0	0	0
fsh-generated/resources/Observation-mii-exa-test-data-patient-1-icu-vent-vt-einst-1.json	1939	1	0	0	0	0	0	0	1	349	0	0	0	0	0	0	0	0	0	0	0	30	10	0	0	0	0	0	0	0
fsh-generated/resources/Observation-mii-exa-test-data-patient-1-icu-vent-vt-einst-dar-1.json	2238	1	0	0	0	0	0	0	0	8	0	0	0	0	0	0	0	0	0	0	0	32	10	0	0	0	0	0	0	0
fsh-generated/resources/Observation-mii-exa-test-data-patient-1-icu-vent-vt-spont-1.json	1664	1	0	0	1	0	0	0	0	5	0	0	0	0	0	0	0	0	0	0	0	34	9	0	0	0	0	0	0	0
fsh-generated/resources/Observation-mii-exa-test-data-patient-1-icu-vent-vt-spont-dar-1.json	1984	1	0	0	0	0	0	0	0	2	0	0	0	0	0	0	0	0	0	0	0	32	10	0	0	0	0	0	0	0
fsh-generated/resources/Observation-mii-exa-test-data-patient-1-icu-vent-vt-spont-mech-1.json	1704	1	0	0	0	0	0	0	0	2	0	0	0	0	0	0	0	0	0	0	0	31	9	0	0	0	0	0	0	0
fsh-generated/resources/Observation-mii-exa-test-data-patient-1-icu-vent-vt-spont-mech-dar-1.json	2024	1	0	0	0	0	0	0	0	2	0	0	0	0	0	0	0	1	0	0	0	31	9	0	0	0	0	0	0	0
fsh-generated/resources/Observation-mii-exa-test-data-patient-1-icu-vent-zeit-hoch-1.json	1810	1	0	0	0	0	0	0	0	1	0	0	0	0	0	0	0	0	0	0	0	32	10	0	0	0	0	0	0	0
fsh-generated/resources/Observation-mii-exa-test-data-patient-1-icu-vent-zeit-hoch-dar-1.json	2107	1	0	0	0	0	0	0	1	2	0	0	0	0	0	0	0	0	0	0	0	32	9	0	0	0	0	0	0	0
fsh-generated/resources/Observation-mii-exa-test-data-patient-1-icu-vent-zeit-niedrig-1.json	1819	1	0	0	0	0	0	0	0	2	0	0	0	0	0	0	0	0	0	0	0	31	9	0	0	0	0	0	0	0
fsh-generated/resources/Observation-mii-exa-test-data-patient-1-icu-vent-zeit-niedrig-dar-1.json	2114	1	0	0	0	0	0	0	0	1	0	0	0	0	0	0	0	0	0	0	0	33	10	0	0	0	0	0	0	0
fsh-generated/resources/Observation-mii-exa-test-data-patient-1-labobs-1.json	4958	1	0	0	1	0	0	0	0	3	0	0	0	0	0	0	0	0	0	0	0	35	12	0	0	0	0	0	0	0
fsh-generated/resources/Observation-mii-exa-test-data-patient-1-labobs-2.json	3752	1	0	0	0	0	0	0	1	2	0	0	0	0	0	0	0	0	0	0	0	33	11	0	0	0	0	0	0	0
fsh-generated/resources/Observation-mii-exa-test-data-patient-1-labobs-3.json	3754	2	0	0	0	0	0	0	0	3	0	0	0	0	0	0	0	0	0	0	0	33	15	0	0	0	0	0	0	1
fsh-generated/resources/Observation-mii-exa-test-data-patient-1-labobs-4.json	3768	1	0	0	0	0	0	0	0	2	0	0	0	0	0	0	0	0	0	0	0	34	11	0	0	0	0	0	0	0
fsh-generated/resources/Observation-mii-exa-test-data-patient-1-labobs-5.json	3750	1	0	0	0	0	0	0	0	3	0	0	0	0	0	0	0	0	0	0	0	34	10	0	0	0	0	0	0	0
fsh-generated/resources/Observation-mii-exa-test-data-patient-1-labobs-6.json	2132	1	0	0	0	0	0	0	1	3	0	0	0	0	0	0	0	0	0	0	0	30	8	0	0	0	0	0	0	0
fsh-generated/resources/Observation-mii-exa-test-data-patient-1-labobs-8.json	2487	1	0	0	0	0	0	0	0	2	0	0	0	0	0	0	0	0	0	0	0	31	6	0	0	0	0	0	0	0
fsh-generated/resources/Observation-mii-exa-test-data-patient-1-labobs-9.json	3145	1	0	0	1	0	0	0	0	3	0	0	0	0	0	0	0	0	0	0	0	31	11	0	0	0	0	0	0	0
fsh-generated/resources/Observation-mii-exa-test-data-patient-1-pro-bdi-ii-score.json	2372	1	0	0	0	0	0	0	0	13	0	0	0	0	0	0	0	0	0	0	0	32	11	0	0	0	0	0	0	0
fsh-generated/resources/Observation-mii-exa-test-data-patient-1-pro-eq5d5l-index.json	2489	1	0	0	0	0	0	0	0	12	0	0	0	0	0	0	0	0	0	0	0	32	12	0	0	0	0	0	0	0
fsh-generated/resources/Observation-mii-exa-test-data-patient-1-pro-eq5d5l-profile.json	2405	1	0	0	0	0	0	0	1	11	0	0	0	0	0	0	0	0	0	0	0	31	11	0	0	0	0	0	0	0
fsh-generated/resources/Observation-mii-exa-test-data-patient-1-pro-eq5d5l-vas.json	2341	1	0	0	0	0	0	0	0	9	0	0	0	0	0	0	0	0	0	0	0	32	12	0	0	0	0	0	0	0
fsh-generated/resources/Observation-mii-exa-test-data-patient-1-pro-phq15-score.json	2448	1	0	0	0	0	0	0	0	5	0	0	0	0	0	0	0	0	0	0	0	32	13	0	0	0	0	0	0	0
fsh-generated/resources/Observation-mii-exa-test-data-patient-1-pro-phq9-obs-1.json	2403	0	0	0	0	0	0	0	0	6	0	0	0	0	0	0	0	0	0	0	0	32	13	0	0	0	0	0	0	0
fsh-generated/resources/Observation-mii-exa-test-data-patient-1-pro-phq9-score.json	2398	1	0	0	1	0	0	0	0	8	0	0	0	0	0	0	0	0	0	0	0	32	11	0	0	0	0	0	0	0
fsh-generated/resources/Observation-mii-exa-test-data-patient-1-pro-promis-cogfn-sf4a-raw-score.json	2813	1	0	0	0	0	0	0	0	5	0	0	0	0	0	0	0	0	0	0	0	32	11	0	0	0	0	0	0	0
fsh-generated/resources/Observation-mii-exa-test-data-patient-1-pro-promis-cogfn-sf4a-tscore.json	2556	1	0	0	0	0	0	0	1	5	0	0	0	0	0	0	0	0	0	0	0	33	11	0	0	0	0	0	0	0
fsh-generated/resources/Observation-mii-exa-test-data-patient-1-pro-promis-dep-sf4a-raw-score.json	1845	1	0	0	0	0	0	0	0	5	0	0	0	0	0	0	0	0	0	0	0	30	10	0	0	0	0	0	0	0
fsh-generated/resources/Observation-mii-exa-test-data-patient-1-pro-promis-dep-sf4a-tscore.json	1818	1	0	0	0	0	0	0	0	4	0	0	0	0	0	0	0	0	0	0	0	30	8	0	0	0	0	0	0	0
fsh-generated/resources/Observation-mii-exa-test-data-patient-1-pro-promis29-anxiety-tscore.json	2467	1	0	0	0	0	0	0	0	6	0	0	0	0	0	0	0	0	0	0	0	32	14	0	0	0	0	0	0	0
fsh-generated/resources/Observation-mii-exa-test-data-patient-1-pro-promis29-depression-tscore.json	2356	1	0	0	0	0	0	0	0	5	0	0	0	0	0	0	0	0	0	0	0	33	14	0	0	0	0	0	0	0
fsh-generated/resources/Observation-mii-exa-test-data-patient-1-pro-promis29-fatigue-tscore.json	2323	1	0	0	1	0	0	0	0	5	0	0	0	0	0	0	0	0	0	0	0	31	9	0	0	0	0	0	0	0
fsh-generated/resources/Observation-mii-exa-test-data-patient-1-pro-promis29-pain-intensity.json	2388	0	0	0	0	0	0	0	1	5	0	0	0	0	0	0	0	0	0	0	0	31	9	0	0	0	0	0	0	0
fsh-generated/resources/Observation-mii-exa-test-data-patient-1-pro-promis29-social-function-tscore.json	2393	1	0	0	0	0	0	0	0	5	0	0	0	0	0	0	0	0	0	0	0	35	9	0	0	0	0	0	0	0
fsh-generated/resources/Observation-mii-exa-test-data-patient-1-pro-whodas12-score.json	2794	1	0	0	0	0	0	0	0	5	0	0	0	0	0	0	0	0	0	0	0	32	11	0	0	0	0	0	0	0
fsh-generated/resources/Observation-mii-exa-test-data-patient-1-vitalstatus-1.json	1321	1	0	0	0	0	0	0	0	3	0	0	0	0	0	0	0	0	0	0	0	29	6	0	0	0	0	0	0	0
fsh-generated/resources/Observation-mii-exa-test-data-patient-10-labobs-1.json	2550	1	0	0	0	0	0	0	0	2	0	0	0	0	0	0	0	0	0	0	0	31	9	0	0	0	0	0	0	0
fsh-generated/resources/Observation-mii-exa-test-data-patient-10-labobs-2.json	2556	1	0	0	0	0	0	0	0	2	0	0	0	0	0	0	0	0	0	0	0	32	9	0	0	0	0	0	0	0
fsh-generated/resources/Observation-mii-exa-test-data-patient-10-labobs-3.json	2572	1	0	0	1	0	0	0	1	2	0	0	0	0	0	0	0	0	0	0	0	31	9	0	0	0	0	0	0	0
fsh-generated/resources/Observation-mii-exa-test-data-patient-10-vitalstatus-1.json	1114	1	0	0	0	0	0	0	0	1	0	0	0	0	0	0	0	0	0	0	0	29	5	0	0	0	0	0	0	0
fsh-generated/resources/Observation-mii-exa-test-data-patient-11-labobs-1.json	2885	1	0	0	0	0	0	0	0	2	0	0	0	0	0	0	0	0	0	0	0	37	9	0	0	0	0	0	0	0
fsh-generated/resources/Observation-mii-exa-test-data-patient-11-labobs-2.json	3151	1	0	0	0	0	0	0	0	2	0	0	0	0	0	0	0	0	0	0	0	32	11	0	0	0	0	0	0	0
fsh-generated/resources/Observation-mii-exa-test-data-patient-11-labobs-3.json	2900	0	0	0	0	0	0	0	0	2	0	0	0	0	0	0	0	0	0	0	0	32	10	0	0	0	0	0	0	0
fsh-generated/resources/Observation-mii-exa-test-data-patient-11-pro-eq5d5l-index-t0.json	2493	1	0	0	0	0	0	0	1	9	0	0	0	0	0	0	0	0	0	0	0	32	13	0	0	0	0	0	0	0
fsh-generated/resources/Observation-mii-exa-test-data-patient-11-pro-eq5d5l-index-t3.json	2312	1	0	0	0	0	0	0	0	11	0	0	0	0	0	0	0	0	0	0	0	31	10	0	0	0	0	0	0	0
fsh-generated/resources/Observation-mii-exa-test-data-patient-11-pro-eq5d5l-index-t6.json	2330	1	0	0	1	0	0	0	0	12	0	0	0	0	0	0	0	0	0	0	0	33	11	0	0	0	0	0	0	0
fsh-generated/resources/Observation-mii-exa-test-data-patient-11-pro-eq5d5l-profil-t0.json	2436	1	0	0	0	0	0	0	0	10	0	0	0	0	0	0	0	0	0	0	0	32	10	0	0	0	0	0	0	0
fsh-generated/resources/Observation-mii-exa-test-data-patient-11-pro-eq5d5l-profil-t3.json	2404	1	0	0	0	0	0	0	0	10	0	0	0	0	0	0	0	0	0	0	0	32	10	0	0	0	0	0	0	0
fsh-generated/resources/Observation-mii-exa-test-data-patient-11-pro-eq5d5l-profil-t6.json	2419	1	0	0	0	0	0	0	0	9	0	0	0	0	0	0	0	0	0	0	0	32	11	0	0	0	0	0	0	0
fsh-generated/resources/Observation-mii-exa-test-data-patient-11-pro-eq5d5l-vas-t0.json	2386	1	0	0	0	0	0	0	1	9	0	0	0	0	0	0	0	0	0	0	0	33	10	0	0	0	0	0	0	0
fsh-generated/resources/Observation-mii-exa-test-data-patient-11-pro-eq5d5l-vas-t3.json	2269	1	0	0	0	0	0	0	0	9	0	0	0	0	0	0	0	0	0	0	0	31	10	0	0	0	0	0	0	0
fsh-generated/resources/Observation-mii-exa-test-data-patient-11-pro-eq5d5l-vas-t6.json	2269	1	0	0	0	0	0	0	0	10	0	0	0	0	0	0	0	0	0	0	0	33	11	0	0	0	0	0	0	0
fsh-generated/resources/Observation-mii-exa-test-data-patient-11-pro-phq9-score-t0.json	2197	1	0	0	1	0	0	0	0	10	0	0	0	0	0	0	0	0	0	0	0	32	10	0	0	0	0	0	0	0
fsh-generated/resources/Observation-mii-exa-test-data-patient-11-pro-phq9-score-t6.json	2212	1	0	0	0	0	0	0	0	9	0	0	0	0	0	0	0	0	0	0	0	32	10	0	0	0	0	0	0	1
fsh-generated/resources/Observation-mii-exa-test-data-patient-11-sdd-ausbildung-1.json	1508	1	0	0	0	0	0	0	0	3	0	0	0	0	0	0	0	0	0	0	0	30	5	0	0	0	0	0	0	0
fsh-generated/resources/Observation-mii-exa-test-data-patient-11-sdd-beschaeftigung-1.json	1484	0	0	0	0	0	0	0	0	2	0	0	0	0	0	0	0	0	0	0	0	28	5	0	0	0	0	0	0	0
fsh-generated/resources/Observation-mii-exa-test-data-patient-11-sdd-einkommen-1.json	1442	1	0	0	0	0	0	0	1	3	0	0	0	0	0	0	0	0	0	0	0	30	5	0	0	0	0	0	0	0
fsh-generated/resources/Observation-mii-exa-test-data-patient-11-sdd-erhebung-1.json	2415	1	0	0	0	0	0	0	0	2	0	0	0	0	0	0	0	0	0	0	0	31	15	0	0	0	0	0	0	0
fsh-generated/resources/Observation-mii-exa-test-data-patient-11-sdd-haushaltsgroesse-1.json	1279	1	0	0	0	0	0	0	0	3	0	0	0	0	0	0	0	0	0	0	0	30	6	0	0	0	0	0	0	0
fsh-generated/resources/Observation-mii-exa-test-data-patient-11-sdd-partnerschaft-1.json	1386	1	0	0	1	0	0	0	0	2	0	0	0	0	0	0	0	0	0	0	0	29	4	0	0	0	0	0	0	0
fsh-generated/resources/Observation-mii-exa-test-data-patient-11-sdd-schulabschluss-1.json	1538	1	0	0	0	0	0	0	0	2	0	0	0	0	0	0	0	0	0	0	0	29	5	0	0	0	0	0	0	0
fsh-generated/resources/Observation-mii-exa-test-data-patient-11-sdd-schuljahre-1.json	1265	1	0	0	0	0	0	0	0	2	0	0	0	0	0	0	0	0	0	0	0	28	5	0	0	0	0	0	0	0
fsh-generated/resources/Observation-mii-exa-test-data-patient-11-sdd-stellung-1.json	1533	0	0	0	0	0	0	0	0	1	0	0	0	0	0	0	0	0	0	0	0	30	5	0	0	0	0	0	0	0
fsh-generated/resources/Observation-mii-exa-test-data-patient-12-icu-bilanz-tages-1.json	1941	1	0	0	0	0	0	0	0	2	0	0	0	0	0	0	0	0	0	0	0	29	6	0	0	0	0	0	0	0
fsh-generated/resources/Observation-mii-exa-test-data-patient-12-icu-bilanz-urin-1.json	2272	1	0	0	0	0	0	0	1	2	0	0	0	0	0	0	0	0	0	0	0	31	7	0	0	0	0	0	0	0
fsh-generated/resources/Observation-mii-exa-test-data-patient-12-icu-gcs-1.json	3305	1	0	0	1	0	0	0	0	2	0	0	0	0	0	0	0	0	0	0	0	32	8	0	0	0	0	0	0	0
fsh-generated/resources/Observation-mii-exa-test-data-patient-12-icu-rass-1.json	1800	1	0	0	0	0	0	0	0	1	0	0	0	0	0	0	0	0	0	0	0	30	8	0	0	0	0	0	0	0
fsh-generated/resources/Observation-mii-exa-test-data-patient-12-icu-sofa-t1.json	4405	1	0	0	0	0	0	0	0	2	0	0	0	0	0	0	0	0	0	0	0	34	8	0	0	0	0	0	0	0
fsh-generated/resources/Observation-mii-exa-test-data-patient-12-icu-sofa-t5.json	4364	1	0	0	0	0	0	0	1	2	0	0	0	0	0	0	0	0	0	0	0	32	9	0	0	0	0	0	0	0
fsh-generated/resources/Observation-mii-exa-test-data-patient-12-icu-sofa-t8.json	4371	2	0	0	0	0	0	0	0	2	0	0	0	0	0	0	0	0	0	0	0	33	9	0	0	0	0	0	0	0
fsh-generated/resources/Observation-mii-exa-test-data-patient-12-icu-vent-fio2-1.json	1672	0	0	0	0	0	0	0	0	2	0	0	0	0	0	0	0	0	0	0	0	28	9	0	0	0	0	0	0	0
fsh-generated/resources/Observation-mii-exa-test-data-patient-12-icu-vent-peep-1.json	1988	1	0	0	0	0	0	0	0	1	0	0	0	0	0	0	0	0	0	0	0	29	9	0	0	0	0	0	0	0
fsh-generated/resources/Observation-mii-exa-test-data-patient-12-icu-vent-vt-1.json	2024	1	0	0	1	0	0	0	1	2	0	0	0	0	0	0	0	0	0	0	0	29	10	0	0	0	0	0	0	0
fsh-generated/resources/Observation-mii-exa-test-data-patient-12-labobs-1.json	3036	1	0	0	0	0	0	0	0	2	0	0	0	0	0	0	0	0	0	0	0	32	8	0	0	0	0	0	0	0
fsh-generated/resources/Observation-mii-exa-test-data-patient-12-labobs-2.json	2871	1	0	0	0	0	0	0	0	3	0	0	0	0	0	0	0	0	0	0	0	30	8	0	0	0	0	0	0	0
fsh-generated/resources/Observation-mii-exa-test-data-patient-12-labobs-3.json	2743	1	0	0	0	0	0	0	0	2	0	0	0	0	0	0	0	0	0	0	0	30	8	0	0	0	0	0	0	0
fsh-generated/resources/Observation-mii-exa-test-data-patient-12-labobs-4.json	3091	1	0	0	0	0	0	0	1	1	0	0	0	0	0	0	0	0	0	0	0	33	8	0	0	0	0	0	0	0
fsh-generated/resources/Observation-mii-exa-test-data-patient-12-mibi-ast-ceftazidim.json	3665	1	0	0	0	0	0	0	0	3	0	0	0	0	0	0	0	1	0	0	0	33	13	0	0	0	0	0	0	0
fsh-generated/resources/Observation-mii-exa-test-data-patient-12-mibi-ast-cipro.json	3656	1	0	0	1	0	0	0	0	2	0	0	0	0	0	0	0	0	0	0	0	34	12	0	0	0	0	0	0	0
fsh-generated/resources/Observation-mii-exa-test-data-patient-12-mibi-ast-meropenem.json	3984	2	0	0	0	0	0	0	0	2	0	0	0	0	0	0	0	0	0	0	0	35	12	0	0	0	0	0	0	0
fsh-generated/resources/Observation-mii-exa-test-data-patient-12-mibi-ast-piptazo.json	3793	1	0	0	0	0	0	0	1	2	0	0	0	0	0	0	0	0	0	0	0	32	12	0	0	0	0	0	0	0
fsh-generated/resources/Observation-mii-exa-test-data-patient-12-mibi-erreger-1.json	3066	1	0	0	0	0	0	0	0	2	0	0	0	0	0	0	0	0	0	0	0	32	12	0	0	0	0	0	0	0
fsh-generated/resources/Observation-mii-exa-test-data-patient-12-mibi-esbl-1.json	3016	1	0	0	0	0	0	0	0	2	0	0	0	0	0	0	0	0	0	0	0	32	11	0	0	0	0	0	0	0
fsh-generated/resources/Observation-mii-exa-test-data-patient-12-mibi-kultur-1.json	3257	1	0	0	0	0	0	0	0	2	0	0	0	0	0	0	0	0	0	0	0	33	11	0	0	0	0	0	0	0
fsh-generated/resources/Observation-mii-exa-test-data-patient-12-mibi-mikroskopie-1.json	2662	1	0	0	1	0	0	0	0	2	0	0	0	0	0	0	0	0	0	0	0	31	10	0	0	0	0	0	0	0
fsh-generated/resources/Observation-mii-exa-test-data-patient-12-mibi-mrgn-1.json	3274	1	0	0	0	0	0	0	1	3	0	0	0	0	0	0	0	0	0	0	0	32	15	0	0	0	0	0	0	0
fsh-generated/resources/Observation-mii-exa-test-data-patient-13-hpo-akroparaesthesie.json	1611	1	0	0	0	0	0	0	0	1	0	0	0	0	0	0	0	0	0	0	0	30	7	0	0	0	0	0	0	0
fsh-generated/resources/Observation-mii-exa-test-data-patient-13-hpo-angiokeratom.json	1717	1	0	0	0	0	0	0	0	2	0	0	0	0	0	0	0	0	0	0	0	29	6	0	0	0	0	0	0	0
fsh-generated/resources/Observation-mii-exa-test-data-patient-13-hpo-cornea.json	1847	1	0	0	0	0	0	0	0	2	0	0	0	0	0	0	0	0	0	0	0	29	7	0	0	0	0	0	0	0
fsh-generated/resources/Observation-mii-exa-test-data-patient-13-hpo-hypohidrose.json	1496	0	0	0	0	0	0	0	0	2	0	0	0	0	0	0	0	0	0	0	0	28	6	0	0	0	0	0	0	0
fsh-generated/resources/Observation-mii-exa-test-data-patient-13-hpo-proteinurie.json	1782	1	0	0	0	0	0	0	0	1	0	0	0	0	0	0	0	0	0	0	0	29	8	0	0	0	0	0	0	0
fsh-generated/resources/Observation-mii-exa-test-data-patient-13-labobs-agalsidase.json	3238	1	0	0	1	0	0	0	1	3	0	0	0	0	0	0	0	0	0	0	0	30	9	0	0	0	0	0	0	0
fsh-generated/resources/Observation-mii-exa-test-data-patient-13-labobs-kreatinin.json	3286	2	0	0	0	0	0	0	0	2	0	0	0	0	0	0	0	0	0	1	0	31	8	0	0	0	0	0	0	0
fsh-generated/resources/Observation-mii-exa-test-data-patient-13-labobs-protein.json	2918	1	0	0	0	0	0	0	0	3	0	0	0	0	0	0	0	0	0	0	0	30	8	0	0	0	0	0	0	0
fsh-generated/resources/Observation-mii-exa-test-data-patient-13-molgen-variante.json	1992	1	0	0	0	0	0	0	0	2	0	0	0	0	0	0	0	0	0	0	0	30	7	0	0	0	0	0	0	0
fsh-generated/resources/Observation-mii-exa-test-data-patient-13-symptom-obs-hitzeintoleranz.json	2153	1	0	0	0	0	0	0	0	3	0	0	0	0	0	0	0	0	0	0	0	31	8	0	0	0	0	0	0	1
fsh-generated/resources/Observation-mii-exa-test-data-patient-13-symptom-obs-schmerz.json	2432	1	0	0	0	0	0	0	1	2	0	0	0	0	0	0	0	0	0	0	0	31	8	0	0	0	0	0	0	0
fsh-generated/resources/Observation-mii-exa-test-data-patient-14-mtb-implikation-1.json	2990	1	0	0	1	0	0	0	0	3	0	0	0	0	0	0	0	0	0	0	0	34	10	0	0	0	0	0	0	0
fsh-generated/resources/Observation-mii-exa-test-data-patient-14-mtb-msi-1.json	2963	1	0	0	0	0	0	0	0	2	0	0	0	0	0	0	0	0	0	0	0	33	10	0	0	0	0	0	0	0
fsh-generated/resources/Observation-mii-exa-test-data-patient-14-mtb-tmb-1.json	2837	1	0	0	0	0	0	0	0	3	0	0	0	0	0	0	0	0	0	0	0	32	10	0	0	0	0	0	0	0
fsh-generated/resources/Observation-mii-exa-test-data-patient-14-mtb-variante-braf.json	2801	1	0	0	0	0	0	0	1	2	0	0	0	0	0	0	0	0	0	0	0	31	10	0	0	0	0	0	0	0
fsh-generated/resources/Observation-mii-exa-test-data-patient-14-onko-ecog-1.json	1841	1	0	0	0	0	0	0	0	2	0	0	0	0	0	0	0	0	0	0	0	31	9	0	0	0	0	0	0	0
fsh-generated/resources/Observation-mii-exa-test-data-patient-14-onko-fernmetastasen-1.json	1428	1	0	0	1	0	0	0	0	1	0	0	0	0	0	0	0	0	0	0	0	28	7	0	0	0	0	0	0	0
fsh-generated/resources/Observation-mii-exa-test-data-patient-14-onko-grading-1.json	1465	1	0	0	0	0	0	0	0	2	0	0	0	0	0	0	0	0	0	0	0	29	9	0	0	0	0	0	0	0
fsh-generated/resources/Observation-mii-exa-test-data-patient-14-onko-histologie-1.json	1300	1	0	0	0	0	0	0	0	1	0	0	0	0	0	0	0	0	0	0	0	28	9	0	0	0	0	0	0	0
fsh-generated/resources/Observation-mii-exa-test-data-patient-14-onko-lk-befallen.json	1584	1	0	0	0	0	0	0	0	2	0	0	0	0	0	0	0	0	0	0	0	29	9	0	0	0	0	0	0	0
fsh-generated/resources/Observation-mii-exa-test-data-patient-14-onko-lk-untersucht.json	1567	1	0	0	0	0	0	0	0	1	0	0	0	0	0	0	0	0	0	0	0	28	9	0	0	0	0	0	0	0
fsh-generated/resources/Observation-mii-exa-test-data-patient-14-onko-tnm-m.json	1747	1	0	0	0	0	0	0	0	2	0	0	0	0	0	0	0	0	0	0	0	27	8	0	0	0	0	0	0	0
fsh-generated/resources/Observation-mii-exa-test-data-patient-14-onko-tnm-n.json	1974	1	0	0	1	0	0	0	0	2	0	0	0	0	0	0	0	0	0	0	0	28	10	0	0	0	1	0	0	0
fsh-generated/resources/Observation-mii-exa-test-data-patient-14-onko-tnm-t.json	1747	1	0	0	0	0	0	0	1	1	0	0	0	0	0	0	0	0	0	0	0	27	12	0	0	0	0	0	0	0
fsh-generated/resources/Observation-mii-exa-test-data-patient-14-onko-verlauf-1.json	2680	1	0	0	0	0	0	0	0	2	0	0	0	0	0	0	0	0	0	0	0	29	11	0	0	0	0	0	0	0
fsh-generated/resources/Observation-mii-exa-test-data-patient-2-labobs-1.json	2946	1	0	0	0	0	0	0	0	2	0	0	0	0	0	0	0	0	0	0	0	31	11	0	0	0	0	0	0	0
fsh-generated/resources/Observation-mii-exa-test-data-patient-2-labobs-2.json	2545	1	0	0	0	0	0	0	0	2	0	0	0	0	0	0	0	0	0	0	0	30	9	0	0	0	0	0	0	0
fsh-generated/resources/Observation-mii-exa-test-data-patient-2-labobs-3.json	2548	1	0	0	1	0	0	0	0	1	0	0	0	0	0	0	0	0	0	0	0	30	10	0	0	0	0	0	0	0
fsh-generated/resources/Observation-mii-exa-test-data-patient-2-labobs-4.json	2542	1	0	0	0	0	0	0	1	2	0	0	0	0	0	0	0	0	0	0	0	29	9	0	0	0	0	0	0	0
fsh-generated/resources/Observation-mii-exa-test-data-patient-2-vitalstatus-1.json	1127	1	0	0	0	0	0	0	0	1	0	0	0	0	0	0	0	0	0	0	0	28	5	0	0	0	0	0	0	0
fsh-generated/resources/Observation-mii-exa-test-data-patient-3-labobs-1.json	2545	1	0	0	0	0	0	0	0	2	0	0	0	0	0	0	0	0	0	0	0	30	9	0	0	0	0	0	0	0
fsh-generated/resources/Observation-mii-exa-test-data-patient-3-labobs-2.json	2579	1	0	0	0	0	0	0	0	2	0	0	0	0	0	0	0	0	0	0	0	30	9	0	0	0	0	0	0	0
fsh-generated/resources/Observation-mii-exa-test-data-patient-3-labobs-3.json	2571	1	0	0	0	0	0	0	0	2	0	0	0	0	0	0	0	0	0	0	0	30	9	0	0	0	0	0	0	0
fsh-generated/resources/Observation-mii-exa-test-data-patient-3-molgen-biomarker-1.json	2344	1	0	0	1	0	0	0	1	1	0	0	0	0	0	0	0	0	0	0	0	30	9	0	0	0	0	0	0	0
fsh-generated/resources/Observation-mii-exa-test-data-patient-3-molgen-diagnostische-implikation-1.json	2898	1	0	0	0	0	0	0	0	2	0	0	0	0	0	0	0	0	0	0	0	30	9	0	0	0	0	0	0	0
fsh-generated/resources/Observation-mii-exa-test-data-patient-3-molgen-genotyp-1.json	3615	1	0	0	0	0	0	0	0	127	0	0	0	0	0	0	0	0	0	0	0	31	11	0	0	0	0	0	0	0
fsh-generated/resources/Observation-mii-exa-test-data-patient-3-molgen-molekulare-konsequenz-1.json	2891	1	0	0	0	0	0	0	0	6	0	0	0	0	0	0	0	0	0	0	0	32	9	0	0	0	0	0	0	0
fsh-generated/resources/Observation-mii-exa-test-data-patient-3-molgen-msi-1.json	2293	1	0	0	0	0	0	0	0	3	0	0	0	0	0	0	0	0	0	0	0	32	9	0	0	0	0	0	0	0
fsh-generated/resources/Observation-mii-exa-test-data-patient-3-molgen-mutationslast-1.json	2228	1	0	0	1	0	0	0	1	3	0	0	0	0	0	0	0	0	0	0	0	30	9	0	0	0	0	0	0	0
fsh-generated/resources/Observation-mii-exa-test-data-patient-3-molgen-therapeutische-implikation-1.json	4634	1	0	0	0	0	0	0	0	3	0	0	0	0	0	0	0	0	0	0	0	34	9	0	0	0	0	0	0	0
fsh-generated/resources/Observation-mii-exa-test-data-patient-3-molgen-therapeutische-implikation-2.json	3870	1	0	0	0	0	0	0	0	2	0	0	0	0	0	0	0	0	0	0	0	33	8	0	0	0	0	0	0	0
fsh-generated/resources/Observation-mii-exa-test-data-patient-3-molgen-therapeutische-implikation-3.json	4144	2	0	0	0	0	0	0	1	3	0	0	0	0	0	0	0	0	0	0	0	34	8	0	0	0	0	0	0	0
fsh-generated/resources/Observation-mii-exa-test-data-patient-3-molgen-variante-1.json	7325	1	0	0	0	0	0	0	0	365	0	0	0	0	0	0	0	0	0	0	0	39	13	0	0	0	0	0	0	0
fsh-generated/resources/Observation-mii-exa-test-data-patient-3-molgen-variante-2.json	7063	1	0	0	0	0	0	0	1	367	0	0	0	0	0	0	0	0	0	0	0	37	12	0	0	0	0	0	0	0
fsh-generated/resources/Observation-mii-exa-test-data-patient-3-molgen-variante-3.json	5828	2	0	0	1	0	0	0	0	240	0	0	0	0	0	0	0	0	0	0	0	35	13	0	0	0	0	0	0	0
fsh-generated/resources/Observation-mii-exa-test-data-patient-3-seltene-blutgruppe-1.json	1528	1	0	0	0	0	0	0	0	4	0	0	0	0	0	0	0	0	0	0	0	29	5	0	0	0	0	0	0	0
fsh-generated/resources/Observation-mii-exa-test-data-patient-3-seltene-bmi-1.json	1172	1	0	0	0	0	0	0	0	2	0	0	0	0	0	0	0	0	0	0	0	31	5	0	0	0	0	0	0	1
fsh-generated/resources/Observation-mii-exa-test-data-patient-3-seltene-consanguinity-1.json	1439	0	0	0	0	0	0	0	1	1	0	0	0	0	0	0	0	0	0	0	0	32	8	0	0	0	0	0	0	0
fsh-generated/resources/Observation-mii-exa-test-data-patient-3-seltene-geburtsgewicht-1.json	1120	1	0	0	0	0	0	0	0	2	0	0	0	0	0	0	0	0	0	0	0	28	5	0	0	0	0	0	0	0
fsh-generated/resources/Observation-mii-exa-test-data-patient-3-seltene-geburtslaenge-1.json	1133	1	0	0	1	0	0	0	0	1	0	0	0	0	0	0	0	0	0	0	0	27	5	0	0	0	0	0	0	0
fsh-generated/resources/Observation-mii-exa-test-data-patient-3-seltene-gestationsalter-1.json	1153	1	0	0	0	0	0	0	0	1	0	0	0	0	0	0	0	0	0	0	0	27	5	0	0	0	0	0	0	0
fsh-generated/resources/Observation-mii-exa-test-data-patient-3-seltene-hpo-assessment-1.json	1916	1	0	0	0	0	0	0	0	2	0	0	0	0	0	0	0	0	0	0	0	74	8	0	0	0	0	0	0	0
fsh-generated/resources/Observation-mii-exa-test-data-patient-3-seltene-hpo-assessment-2.json	1685	1	0	0	0	0	0	0	0	2	0	0	0	0	0	0	0	0	0	0	0	30	7	0	0	0	0	0	0	0
fsh-generated/resources/Observation-mii-exa-test-data-patient-3-seltene-hpo-assessment-3.json	2579	1	0	0	0	0	0	0	0	1	0	0	0	0	0	0	0	0	0	0	0	32	6	0	0	0	0	0	0	0
fsh-generated/resources/Observation-mii-exa-test-data-patient-3-seltene-hpo-assessment-4.json	2279	1	0	0	1	0	0	0	0	2	0	0	0	0	0	0	0	0	0	0	0	31	7	0	0	0	0	0	0	0
fsh-generated/resources/Observation-mii-exa-test-data-patient-3-seltene-hueftumfang-1.json	1331	1	0	0	0	0	0	0	1	1	0	0	0	0	0	0	0	0	0	0	0	30	5	0	0	0	0	0	0	0
fsh-generated/resources/Observation-mii-exa-test-data-patient-3-seltene-icf-assessment-1.json	1814	1	0	0	0	0	0	0	0	2	0	0	0	0	0	0	0	0	0	0	0	31	7	0	0	0	0	0	0	0
fsh-generated/resources/Observation-mii-exa-test-data-patient-3-seltene-kopfumfang-1.json	1176	1	0	0	0	0	0	0	0	1	0	0	0	0	0	0	0	0	0	0	0	30	6	0	0	0	0	0	0	0
fsh-generated/resources/Observation-mii-exa-test-data-patient-3-seltene-taillenumfang-1.json	1323	1	0	0	0	0	0	0	0	1	0	0	0	0	0	0	0	0	0	0	0	29	5	0	0	0	0	0	0	0
fsh-generated/resources/Observation-mii-exa-test-data-patient-3-vitalstatus-1.json	1112	1	0	0	0	0	0	0	0	2	0	0	0	0	0	0	0	0	0	0	0	29	5	0	0	0	0	0	0	0
fsh-generated/resources/Observation-mii-exa-test-data-patient-4-labobs-1.json	2546	1	0	0	1	0	0	0	0	2	0	0	0	0	0	0	0	0	0	0	0	32	9	0	0	0	0	0	0	0
fsh-generated/resources/Observation-mii-exa-test-data-patient-4-labobs-2.json	2568	1	0	0	0	0	0	0	0	2	0	0	0	0	0	0	0	0	0	0	0	32	9	0	0	0	0	0	0	0
fsh-generated/resources/Observation-mii-exa-test-data-patient-4-labobs-3.json	2566	1	0	0	0	0	0	0	1	2	0	0	0	0	0	0	0	0	0	0	0	33	9	0	0	0	0	0	0	0
fsh-generated/resources/Observation-mii-exa-test-data-patient-4-molgen-diagnostische-implikation-1.json	3964	2	0	0	0	0	0	0	0	2	0	0	0	0	0	0	0	0	0	0	0	35	12	0	0	0	0	0	0	0
fsh-generated/resources/Observation-mii-exa-test-data-patient-4-molgen-molekulare-konsequenz-1.json	3540	1	0	0	0	0	0	0	0	2	0	0	0	0	0	0	0	1	0	0	0	34	9	0	0	0	0	0	0	0
fsh-generated/resources/Observation-mii-exa-test-data-patient-4-molgen-variante-1.json	5535	1	0	0	1	0	0	0	1	363	0	0	0	0	0	0	0	0	0	0	0	36	12	0	0	0	0	0	0	0
fsh-generated/resources/Observation-mii-exa-test-data-patient-4-vitalstatus-1.json	1112	1	0	0	0	0	0	0	0	4	0	0	0	0	0	0	0	0	0	0	0	30	4	0	0	0	0	0	0	0
fsh-generated/resources/Observation-mii-exa-test-data-patient-5-labobs-1.json	2546	1	0	0	0	0	0	0	0	3	0	0	0	0	0	0	0	0	0	0	0	32	10	0	0	0	0	0	0	0
fsh-generated/resources/Observation-mii-exa-test-data-patient-5-labobs-2.json	2549	1	0	0	0	0	0	0	0	3	0	0	0	0	0	0	0	0	0	0	0	32	9	0	0	0	0	0	0	0
fsh-generated/resources/Observation-mii-exa-test-data-patient-5-labobs-3.json	2572	1	0	0	0	0	0	0	0	2	0	0	0	0	0	0	0	0	0	0	0	32	9	0	0	0	0	0	0	0
fsh-generated/resources/Observation-mii-exa-test-data-patient-5-vitalstatus-1.json	1112	1	0	0	1	0	0	0	0	2	0	0	0	0	0	0	0	0	0	0	0	29	5	0	0	0	0	0	0	0
fsh-generated/resources/Observation-mii-exa-test-data-patient-6-labobs-1.json	2546	1	0	0	0	0	0	0	1	1	0	0	0	0	0	0	0	0	0	0	0	32	9	0	0	0	0	0	0	0
fsh-generated/resources/Observation-mii-exa-test-data-patient-6-labobs-2.json	2582	2	0	0	0	0	0	0	0	2	0	0	0	0	0	0	0	0	0	0	0	32	9	0	0	0	0	0	0	0
fsh-generated/resources/Observation-mii-exa-test-data-patient-6-labobs-3.json	2584	1	0	0	0	0	0	0	0	2	0	0	0	0	0	0	0	0	0	0	0	32	9	0	0	0	0	0	0	0
fsh-generated/resources/Observation-mii-exa-test-data-patient-6-vitalstatus-1.json	1112	1	0	0	0	0	0	0	0	1	0	0	0	0	0	0	0	0	0	0	0	33	5	0	0	0	0	0	0	0
fsh-generated/resources/Observation-mii-exa-test-data-patient-7-labobs-1.json	2624	1	0	0	1	0	0	0	0	2	0	0	0	0	0	0	0	0	0	0	0	32	9	0	0	0	0	0	0	0
fsh-generated/resources/Observation-mii-exa-test-data-patient-7-labobs-2.json	2552	1	0	0	0	0	0	0	0	1	0	0	0	0	0	0	0	0	0	0	0	32	9	0	0	0	0	0	0	0
fsh-generated/resources/Observation-mii-exa-test-data-patient-7-labobs-3.json	2570	1	0	0	0	0	0	0	1	2	0	0	0	0	0	0	0	0	0	0	0	33	10	0	0	0	0	0	0	0
fsh-generated/resources/Observation-mii-exa-test-data-patient-7-vitalstatus-1.json	1112	1	0	0	0	0	0	0	0	1	0	0	0	0	0	0	0	0	0	0	0	29	4	0	0	0	0	0	0	0
fsh-generated/resources/Observation-mii-exa-test-data-patient-8-labobs-1.json	2545	1	0	0	1	0	0	0	0	2	0	0	0	0	0	0	0	0	0	0	0	33	9	0	0	0	0	0	0	0
fsh-generated/resources/Observation-mii-exa-test-data-patient-8-labobs-2.json	2675	1	1	0	0	0	0	0	0	2	0	0	0	0	0	0	0	0	0	0	0	33	9	0	0	0	0	0	0	0
fsh-generated/resources/Observation-mii-exa-test-data-patient-8-labobs-3.json	2573	1	0	0	0	0	0	0	0	1	0	0	0	0	0	0	0	0	0	0	0	32	9	0	0	0	0	0	0	0
fsh-generated/resources/Observation-mii-exa-test-data-patient-8-vitalstatus-1.json	1112	1	0	0	0	0	0	0	1	2	0	0	0	0	0	0	0	0	0	0	0	30	5	0	0	0	0	0	0	0
fsh-generated/resources/Observation-mii-exa-test-data-patient-9-labobs-1.json	2546	2	0	0	0	0	0	0	0	1	0	0	0	0	0	0	0	0	0	0	0	33	10	0	0	0	0	0	0	0
fsh-generated/resources/Observation-mii-exa-test-data-patient-9-labobs-2.json	2552	1	0	0	1	0	0	0	0	2	0	0	0	0	0	0	0	0	0	0	0	32	9	0	0	0	0	0	0	0
fsh-generated/resources/Observation-mii-exa-test-data-patient-9-labobs-3.json	2570	1	0	0	0	0	0	0	0	2	0	0	0	0	0	0	0	0	0	0	0	33	9	0	0	0	0	0	0	0
fsh-generated/resources/Observation-mii-exa-test-data-patient-9-vitalstatus-1.json	1112	1	0	0	0	0	0	0	0	2	0	0	0	0	0	0	0	0	0	0	0	30	4	0	0	0	0	0	0	0
fsh-generated/resources/Observation-mii-exa-test-data-radiologische-beobachtung-2.json	1559	1	0	0	0	0	0	0	0	2	0	0	0	0	0	0	0	0	0	0	0	31	7	0	0	0	0	0	0	0
fsh-generated/resources/Observation-mii-exa-test-data-radiologische-beobachtung-3.json	1505	1	0	0	0	0	0	0	0	2	0	0	0	0	0	0	0	0	0	0	0	31	6	0	0	0	0	0	0	0
fsh-generated/resources/Observation-mii-exa-test-data-radiologische-beobachtung.json	2590	1	0	0	1	0	0	0	1	2	0	0	0	0	0	0	0	0	0	0	0	33	11	0	0	0	0	0	0	0
fsh-generated/resources/Observation-mii-exa-test-data-radiologische-messung-1.json	3049	1	0	0	0	0	0	0	0	2	0	0	0	0	0	0	0	0	0	0	0	33	55	0	0	0	0	0	0	0
fsh-generated/resources/Observation-mii-exa-test-data-seltene-labobs-1.json	744	1	0	0	0	0	0	0	0	1	0	0	0	0	0	0	0	0	0	0	0	29	5	0	0	0	0	0	0	0
fsh-generated/resources/Observation-mii-exa-test-data-seltene-molgen-variante-1.json	780	1	0	0	0	0	0	0	0	2	0	0	0	0	0	0	0	0	0	0	0	29	4	0	0	0	0	0	0	0
fsh-generated/resources/Observation-mii-exa-test-data-soziodemographie-ausbildung-1.json	1535	1	0	0	1	0	0	0	0	1	0	0	0	0	0	0	0	0	0	0	0	31	5	0	0	0	0	0	0	0
fsh-generated/resources/Observation-mii-exa-test-data-soziodemographie-berufliche-stellung-1.json	1572	1	0	0	0	0	0	0	0	1	0	0	0	0	0	0	0	0	0	0	0	31	5	0	0	0	0	0	0	0
fsh-generated/resources/Observation-mii-exa-test-data-soziodemographie-berufliche-stellung-2.json	1480	1	0	0	0	0	0	0	0	2	0	0	0	0	0	0	0	0	0	0	0	31	4	0	0	0	0	0	0	0
fsh-generated/resources/Observation-mii-exa-test-data-soziodemographie-beschaeftigungsstatus-1.json	1497	1	0	0	0	0	0	0	0	2	0	0	0	0	0	0	0	0	0	0	0	30	5	0	0	0	0	0	0	0
fsh-generated/resources/Observation-mii-exa-test-data-soziodemographie-beschaeftigungsstatus-2.json	1498	1	0	0	0	0	0	0	1	2	0	0	0	0	0	0	0	0	0	0	0	31	5	0	0	0	0	0	0	0
fsh-generated/resources/Observation-mii-exa-test-data-soziodemographie-betreuungssituation-1.json	1560	1	0	0	1	0	0	0	0	2	0	0	0	0	0	0	0	0	0	0	0	30	4	0	0	0	0	0	0	0
fsh-generated/resources/Observation-mii-exa-test-data-soziodemographie-datenerhebung-1.json	2986	1	0	0	0	0	0	0	0	3	0	0	0	0	0	0	0	0	0	0	0	34	22	0	0	0	0	0	0	0
fsh-generated/resources/Observation-mii-exa-test-data-soziodemographie-einkommen-1.json	1460	1	0	0	0	0	0	0	0	2	0	0	0	0	0	0	0	0	0	0	0	30	5	0	0	0	0	0	0	1
fsh-generated/resources/Observation-mii-exa-test-data-soziodemographie-geburtsland-mutter-1.json	1337	1	0	0	0	0	0	0	0	2	0	0	0	0	0	0	0	0	0	0	0	30	5	0	0	0	0	0	0	0
fsh-generated/resources/Observation-mii-exa-test-data-soziodemographie-geburtsland-vater-1.json	1341	0	0	0	0	0	0	0	0	2	0	0	0	0	0	0	0	0	0	0	0	32	4	0	0	0	0	0	0	0
fsh-generated/resources/Observation-mii-exa-test-data-soziodemographie-haushaltsgroesse-1.json	1297	1	0	0	1	0	0	0	0	2	0	0	0	0	0	0	0	0	0	0	0	31	5	0	0	0	0	0	0	0
fsh-generated/resources/Observation-mii-exa-test-data-soziodemographie-partnerschaft-1.json	1395	1	0	0	0	0	0	0	0	2	0	0	0	0	0	0	0	0	0	0	0	30	5	0	0	0	0	0	0	0
fsh-generated/resources/Observation-mii-exa-test-data-soziodemographie-schulabschluss-1.json	1549	1	0	0	0	0	0	0	0	2	0	0	0	0	0	0	0	0	0	0	0	33	4	0	0	0	0	0	0	0
fsh-generated/resources/Observation-mii-exa-test-data-soziodemographie-schuljahre-1.json	1284	1	0	0	0	0	0	0	1	2	0	0	0	0	0	0	0	0	0	0	0	30	5	0	0	0	0	0	0	0
fsh-generated/resources/Observation-mii-exa-test-data-soziodemographie-schwerbehindertenausweis-1.json	3342	2	0	0	1	0	0	0	0	2	0	0	0	0	0	0	0	0	0	0	0	34	5	0	0	0	0	0	0	0
fsh-generated/resources/Observation-mii-exa-test-data-soziodemographie-schwerbehindertenausweis-2.json	1390	1	0	0	0	0	0	0	0	2	0	0	0	0	0	0	0	0	0	0	0	29	5	0	0	0	0	0	0	0
fsh-generated/resources/Observation-mii-exa-test-data-soziodemographie-schwerbehindertenausweis-3.json	1426	1	0	0	0	0	0	0	0	2	0	0	0	0	0	0	0	0	0	0	0	30	5	0	0	0	0	0	0	0
fsh-generated/resources/Observation-mii-exa-test-data-soziodemographie-soziooekonomische-faktoren-1.json	1258	1	0	0	0	0	0	0	0	2	0	0	0	0	0	0	0	0	0	0	0	29	5	0	0	0	0	0	0	0
fsh-generated/resources/Observation-mii-exa-test-data-soziodemographie-vertrauensperson-1.json	1411	1	0	0	0	0	0	0	0	2	0	0	0	0	0	0	0	0	0	0	0	30	4	0	0	0	0	0	0	0
fsh-generated/resources/Observation-mii-exa-test-data-symptom-observation-1.json	2578	1	0	0	1	0	0	0	0	2	0	0	0	0	0	0	0	0	0	0	0	31	8	0	0	0	0	0	0	0
fsh-generated/resources/Observation-mii-exa-test-data-symptom-observation-2.json	1557	1	0	0	0	0	0	0	1	2	0	0	0	0	0	0	0	0	0	0	0	31	7	0	0	0	0	0	0	0
fsh-generated/resources/Observation-mii-exa-test-data-symptom-observation-3.json	2036	1	0	0	0	0	0	0	0	3	0	0	0	0	0	0	0	0	0	0	0	32	7	0	0	0	0	0	0	0
fsh-generated/resources/Observation-mii-exa-test-data-symptom-observation-4.json	1547	1	0	0	0	0	0	0	0	2	0	0	0	0	0	0	0	0	0	0	0	29	5	0	0	0	0	0	0	0
fsh-generated/resources/Observation-mii-exa-test-data-symptom-observation-5.json	1741	1	0	0	1	0	0	0	0	2	0	0	0	0	0	0	0	0	0	0	0	31	6	0	0	0	0	0	0	0
fsh-generated/resources/Organization-mii-exa-test-data-mikrobio-organization-lab-1.json	782	1	0	0	0	0	0	0	0	1	0	0	0	0	0	0	0	0	0	0	0	28	3	0	0	0	0	0	0	0
fsh-generated/resources/Organization-mii-exa-test-data-organization-biobank-charite.json	2605	1	0	0	0	0	0	0	0	3	0	0	0	0	0	0	0	0	0	0	0	31	5	0	0	0	0	0	0	0
fsh-generated/resources/Organization-mii-exa-test-data-organization-charite.json	614	0	0	0	0	0	0	0	0	1	0	0	0	0	0	0	0	0	0	0	0	27	3	0	0	0	0	0	0	0
fsh-generated/resources/Organization-mii-exa-test-data-organization-labor-berlin.json	618	1	0	0	0	0	0	0	0	2	0	0	0	0	0	0	0	0	0	0	0	29	3	0	0	0	0	0	0	0
fsh-generated/resources/Organization-mii-exa-test-data-patho-organization-1.json	602	1	0	0	0	0	0	0	0	1	0	0	1	0	0	0	0	0	0	0	0	28	3	0	0	0	0	0	0	0
fsh-generated/resources/Patient-mii-exa-test-data-bildgebung-patient-1.json	624	0	0	0	0	0	0	0	0	2	0	0	0	0	0	0	0	0	0	0	0	28	3	0	0	0	0	0	0	0
fsh-generated/resources/Patient-mii-exa-test-data-biobank-patient-1.json	621	1	0	0	0	0	0	0	0	2	0	0	0	0	0	0	0	0	0	0	0	27	3	0	0	0	0	0	0	0
fsh-generated/resources/Patient-mii-exa-test-data-biobank-patient-2.json	617	0	0	0	0	0	0	0	1	1	0	0	0	0	0	0	0	0	0	0	0	27	3	0	0	0	0	0	0	0
fsh-generated/resources/Patient-mii-exa-test-data-biobank-patient-3.json	619	1	0	0	0	0	0	0	0	1	0	0	0	0	0	0	0	0	0	0	0	28	3	0	0	0	0	0	0	0
fsh-generated/resources/Patient-mii-exa-test-data-biobank-patient-4.json	620	0	0	0	0	0	0	0	0	2	0	0	0	0	0	0	0	0	0	0	0	27	3	0	0	0	0	0	0	0
fsh-generated/resources/Patient-mii-exa-test-data-biobank-patient-5.json	614	1	0	0	0	0	0	0	0	1	0	0	0	0	0	0	0	0	0	0	0	28	2	0	0	0	0	0	0	0
fsh-generated/resources/Patient-mii-exa-test-data-biobank-patient-6.json	617	0	0	0	0	0	0	0	0	1	0	0	0	0	0	0	0	0	0	0	0	27	3	0	0	0	0	0	0	0
fsh-generated/resources/Patient-mii-exa-test-data-biobank-patient-7.json	615	1	0	0	0	0	0	0	0	1	0	0	0	0	0	0	0	0	0	0	0	28	3	0	0	0	0	0	0	0
fsh-generated/resources/Patient-mii-exa-test-data-biobank-patient-8.json	617	0	0	0	0	0	0	0	0	1	0	0	0	0	0	0	0	0	0	0	0	27	3	0	0	0	0	0	0	0
fsh-generated/resources/Patient-mii-exa-test-data-biobank-patient-9.json	618	1	0	0	0	0	0	0	0	2	0	0	0	0	0	0	0	0	0	0	0	28	3	0	0	0	0	0	0	0
fsh-generated/resources/Patient-mii-exa-test-data-dokument-patient-1.json	619	0	0	0	0	0	0	0	0	1	0	0	0	0	0	0	0	0	0	0	0	27	3	0	0	0	0	0	0	0
fsh-generated/resources/Patient-mii-exa-test-data-icu-patient-1.json	715	1	0	0	0	0	0	0	0	2	0	0	0	0	0	0	0	0	0	0	0	40	3	0	0	0	0	0	0	0
fsh-generated/resources/Patient-mii-exa-test-data-isik-vitalparameter-patient-1.json	637	0	0	0	0	0	0	0	0	1	0	0	0	0	0	0	0	0	0	0	0	28	3	0	0	0	0	0	0	0
fsh-generated/resources/Patient-mii-exa-test-data-kardiologie-patient-1.json	622	1	0	0	0	0	0	0	0	2	0	0	0	0	0	0	0	0	0	0	0	27	3	0	0	0	0	0	0	0
fsh-generated/resources/Patient-mii-exa-test-data-lungenfunktion-patient-1.json	626	0	0	0	0	0	0	0	0	2	0	0	0	0	0	0	0	0	0	0	0	28	3	0	0	0	0	0	0	0
fsh-generated/resources/Patient-mii-exa-test-data-mikrobio-patient-1.json	622	1	0	0	0	0	0	0	0	1	0	0	0	0	0	0	0	0	0	0	0	27	3	0	0	0	0	0	0	0
fsh-generated/resources/Patient-mii-exa-test-data-molgen-patient-1.json	618	0	0	0	1	0	0	0	0	2	0	0	0	0	0	0	0	0	0	0	0	27	3	0	0	0	0	0	0	0
fsh-generated/resources/Patient-mii-exa-test-data-molgen-patient-2.json	619	1	0	0	0	0	0	0	0	2	0	0	0	0	0	0	0	0	0	0	0	28	3	0	0	0	0	0	0	0
fsh-generated/resources/Patient-mii-exa-test-data-mtb-patient-1.json	615	1	0	0	0	0	0	0	0	2	0	0	0	0	0	0	0	0	0	0	0	27	3	0	0	0	0	0	0	0
fsh-generated/resources/Patient-mii-exa-test-data-onko-patient-1.json	618	0	0	0	0	0	0	0	0	1	0	0	0	0	0	0	0	0	0	0	0	28	3	0	0	0	1	0	0	0
fsh-generated/resources/Patient-mii-exa-test-data-patho-patient-1.json	618	1	0	0	0	0	0	0	0	2	0	0	0	0	0	0	0	0	0	0	0	27	3	0	0	0	0	0	0	0
fsh-generated/resources/Patient-mii-exa-test-data-patient-1.json	6673	1	0	0	0	0	0	0	1	2	0	0	0	0	0	0	0	0	0	0	0	37	12	0	0	0	0	0	0	0
fsh-generated/resources/Patient-mii-exa-test-data-patient-10.json	1987	1	0	0	0	0	0	0	0	2	0	0	0	0	0	0	0	0	0	0	0	31	4	0	0	0	0	0	0	0
fsh-generated/resources/Patient-mii-exa-test-data-patient-11.json	2681	1	0	0	0	0	0	0	0	2	0	0	0	0	0	0	0	0	0	0	0	30	5	0	0	0	0	0	0	0
fsh-generated/resources/Patient-mii-exa-test-data-patient-12.json	2766	1	0	0	0	0	0	0	1	2	0	0	0	0	0	0	0	0	0	0	0	31	5	0	0	0	0	0	0	0
fsh-generated/resources/Patient-mii-exa-test-data-patient-13.json	2760	1	0	0	0	0	0	0	0	2	0	0	0	0	0	0	0	0	0	0	0	31	4	0	0	0	0	0	0	0
fsh-generated/resources/Patient-mii-exa-test-data-patient-14.json	2764	1	0	0	1	0	0	0	0	2	0	0	0	0	0	0	0	0	0	0	0	31	5	0	0	0	0	0	0	0
fsh-generated/resources/Patient-mii-exa-test-data-patient-2.json	2053	0	0	0	0	0	0	0	0	2	0	0	0	0	0	0	0	0	0	0	0	30	4	0	0	0	0	0	0	0
fsh-generated/resources/Patient-mii-exa-test-data-patient-3.json	2706	1	0	0	0	0	0	0	0	2	0	0	0	0	0	0	0	0	0	0	0	31	4	0	0	0	0	0	0	0
fsh-generated/resources/Patient-mii-exa-test-data-patient-4.json	1413	1	0	0	0	0	0	0	0	2	0	0	0	0	0	0	0	0	0	0	0	30	3	0	0	0	0	0	0	0
fsh-generated/resources/Patient-mii-exa-test-data-patient-5.json	2063	1	0	0	0	0	0	0	0	1	0	0	0	0	0	0	0	0	0	0	0	31	4	0	0	0	0	0	0	0
fsh-generated/resources/Patient-mii-exa-test-data-patient-6.json	2004	1	0	0	1	0	0	0	0	2	0	0	0	0	0	0	0	0	0	0	0	30	4	0	0	0	0	0	0	0
fsh-generated/resources/Patient-mii-exa-test-data-patient-7.json	2046	1	0	0	0	0	0	0	1	1	0	0	0	0	0	0	0	0	0	0	0	32	3	0	0	0	0	0	0	0
fsh-generated/resources/Patient-mii-exa-test-data-patient-8.json	2000	1	0	0	0	0	0	0	0	2	0	0	0	0	0	0	0	0	0	0	0	31	4	0	0	0	0	0	0	0
fsh-generated/resources/Patient-mii-exa-test-data-patient-9.json	2068	1	0	0	0	0	0	0	0	1	0	0	0	0	0	0	0	0	0	0	0	30	4	0	0	0	0	0	0	0
fsh-generated/resources/Patient-mii-exa-test-data-patient-pseudonym-1.json	2362	1	0	0	0	0	0	0	0	1	0	0	0	0	0	0	0	0	0	0	0	30	6	0	0	0	0	0	0	1
fsh-generated/resources/Patient-mii-exa-test-data-pro-patient-1.json	615	1	0	0	1	0	0	0	0	1	0	0	0	0	0	0	0	0	0	0	0	31	4	0	0	0	0	0	0	0
fsh-generated/resources/Patient-mii-exa-test-data-seltene-patient-1.json	621	1	0	0	0	0	0	0	0	2	0	0	0	0	0	0	0	0	0	0	0	28	3	0	0	0	0	0	0	0
fsh-generated/resources/Patient-mii-exa-test-data-soziodemographie-patient-1.json	632	1	0	0	0	0	0	0	0	1	0	0	0	0	0	0	0	0	0	0	0	27	3	0	0	0	0	0	0	0
fsh-generated/resources/Patient-mii-exa-test-data-studien-patient-1.json	616	1	0	0	0	0	0	0	0	1	0	0	0	0	0	0	0	0	0	0	0	28	3	0	0	0	0	0	0	0
fsh-generated/resources/Patient-mii-exa-test-data-symptom-patient-1.json	624	1	0	0	0	0	0	0	0	1	0	0	0	0	0	0	0	0	0	0	0	32	3	0	0	0	0	0	0	0
fsh-generated/resources/Practitioner-mii-exa-test-data-icu-practitioner-1.json	620	1	0	0	0	0	0	0	0	9	0	0	0	0	0	0	0	0	0	0	0	27	3	0	0	0	0	0	0	0
fsh-generated/resources/Practitioner-mii-exa-test-data-patho-practitioner-1.json	614	0	0	0	1	0	0	0	0	2	0	0	0	0	0	0	0	0	0	0	0	28	3	0	0	0	0	0	0	0
fsh-generated/resources/Practitioner-mii-exa-test-data-patho-practitioner-2.json	608	1	0	0	0	0	0	0	0	2	0	0	0	0	0	0	0	1	0	0	0	28	3	0	0	0	0	0	0	0
fsh-generated/resources/Practitioner-mii-exa-test-data-practitioner-physician-1.json	455	1	0	0	0	0	0	0	0	1	0	0	0	0	0	0	0	0	0	0	0	28	3	0	0	0	0	0	0	0
fsh-generated/resources/Practitioner-mii-exa-test-data-practitioner-physician-2.json	520	1	0	0	0	0	0	0	0	1	0	0	0	0	0	0	0	0	0	0	0	29	3	0	0	0	0	0	0	0
fsh-generated/resources/PractitionerRole-mii-exa-test-data-practitioner-role-physician-1.json	1026	0	0	0	0	0	0	0	0	2	0	0	0	0	0	0	0	0	0	0	0	30	9	0	0	0	0	0	0	0
fsh-generated/resources/Procedure-mii-exa-test-data-befundungsprozedur.json	2600	1	0	0	0	0	0	0	1	2	0	0	0	0	0	0	0	0	0	0	0	31	9	0	0	0	0	0	0	0
fsh-generated/resources/Procedure-mii-exa-test-data-bildgebungsprozedur.json	2564	1	0	0	0	0	0	0	0	2	0	0	0	0	0	0	0	0	0	0	0	31	8	0	0	0	0	0	0	0
fsh-generated/resources/Procedure-mii-exa-test-data-kardiologie-deviceimplantation-1.json	3196	0	0	0	0	0	0	0	0	1	0	0	0	0	0	0	0	0	0	0	0	33	8	0	0	0	0	0	0	0
fsh-generated/resources/Procedure-mii-exa-test-data-lungenfunktion-bodyplethysmographie-messung-1.json	3177	1	0	0	0	0	0	0	0	2	0	0	0	0	0	0	0	0	0	0	0	34	10	0	0	0	0	0	0	0
fsh-generated/resources/Procedure-mii-exa-test-data-lungenfunktion-diffusion-messung-1.json	3177	1	0	0	0	0	0	0	0	2	0	0	0	0	0	0	0	0	0	0	0	33	9	0	0	0	0	0	0	0
fsh-generated/resources/Procedure-mii-exa-test-data-lungenfunktion-provokationstest-messung-1.json	3172	1	0	0	0	0	0	0	0	2	0	0	0	0	0	0	0	0	0	0	0	31	10	0	0	0	0	0	0	0
fsh-generated/resources/Procedure-mii-exa-test-data-lungenfunktion-spirometrie-messung-1.json	3141	0	0	0	1	0	0	0	1	2	0	0	0	0	0	0	0	0	0	0	0	32	10	0	0	0	0	0	0	0
fsh-generated/resources/Procedure-mii-exa-test-data-lungenfunktion-untersuchung-1.json	940	1	0	0	0	0	0	0	0	1	0	0	0	0	0	0	0	0	0	0	0	27	6	0	0	0	0	0	0	0
fsh-generated/resources/Procedure-mii-exa-test-data-mtb-genomic-study-1.json	1601	1	0	0	0	0	0	0	0	2	0	0	0	0	0	0	0	0	0	0	0	30	9	0	0	0	0	0	0	0
fsh-generated/resources/Procedure-mii-exa-test-data-mtb-genomic-study-analysis-1.json	6337	1	0	0	0	0	0	0	0	2	0	0	0	0	0	0	0	0	0	0	0	36	11	0	0	0	0	0	0	0
fsh-generated/resources/Procedure-mii-exa-test-data-mtb-systemische-therapie-1.json	4644	2	0	0	0	0	0	0	0	1	0	0	0	0	0	0	0	0	0	0	0	34	13	0	0	0	0	0	0	0
fsh-generated/resources/Procedure-mii-exa-test-data-mtb-systemische-vortherapie-1.json	5241	1	0	0	1	0	0	0	1	126	0	0	0	0	0	0	0	0	0	0	0	35	12	0	0	0	0	0	0	0
fsh-generated/resources/Procedure-mii-exa-test-data-onko-bestrahlung-nuklearmedizin-1.json	4852	1	0	0	0	0	0	0	0	3	0	0	0	0	0	0	0	0	0	0	0	33	11	0	0	0	0	0	0	0
fsh-generated/resources/Procedure-mii-exa-test-data-onko-krk-operation-1.json	4238	1	0	0	0	0	0	0	0	2	0	0	0	0	0	0	0	0	0	0	0	32	11	0	0	0	0	0	0	0
fsh-generated/resources/Procedure-mii-exa-test-data-onko-krk-stoma-markierung-1.json	2224	0	0	0	0	0	0	0	0	2	0	0	0	0	0	0	0	0	0	0	0	28	7	0	0	0	0	0	0	0
fsh-generated/resources/Procedure-mii-exa-test-data-onko-mamma-operation-1.json	4874	1	0	0	0	0	0	0	1	1	0	0	0	0	0	0	0	0	0	0	0	35	12	0	0	0	0	0	0	0
fsh-generated/resources/Procedure-mii-exa-test-data-onko-mamma-praeop-markierung-1.json	1363	1	0	0	0	0	0	0	0	2	0	0	0	0	0	0	0	0	0	0	0	31	8	0	0	0	0	0	0	0
fsh-generated/resources/Procedure-mii-exa-test-data-onko-mamma-sozialdienst-1.json	3967	1	0	0	0	0	0	0	0	2	0	0	0	0	0	0	0	0	0	0	0	33	11	0	0	0	0	0	0	1
fsh-generated/resources/Procedure-mii-exa-test-data-onko-melanom-exzision-1.json	4530	1	0	0	0	0	0	0	0	2	0	0	0	0	0	0	0	0	0	0	0	35	11	0	0	0	0	0	0	0
fsh-generated/resources/Procedure-mii-exa-test-data-onko-operation-1.json	4461	0	0	0	0	0	0	0	0	2	0	0	0	0	0	0	0	0	0	0	0	33	11	0	0	0	0	0	0	0
fsh-generated/resources/Procedure-mii-exa-test-data-onko-prostata-surgery-1.json	4105	2	0	0	0	0	0	0	1	3	0	0	0	0	0	0	0	0	0	0	0	33	10	0	0	0	0	0	0	0
fsh-generated/resources/Procedure-mii-exa-test-data-onko-strahlentherapie-1.json	3595	1	0	0	0	0	0	0	0	3	0	0	0	0	0	0	0	0	0	0	0	33	11	0	0	0	0	0	0	0
fsh-generated/resources/Procedure-mii-exa-test-data-onko-strahlentherapie-bestrahlung-1.json	5007	1	0	0	1	0	0	0	0	2	0	0	0	0	0	0	0	0	0	0	0	35	11	0	0	0	0	0	0	0
fsh-generated/resources/Procedure-mii-exa-test-data-onko-systemische-therapie-1.json	3986	1	0	0	0	0	0	0	0	1	0	0	0	0	0	0	0	0	0	0	0	33	11	0	0	0	0	0	0	0
fsh-generated/resources/Procedure-mii-exa-test-data-patient-1-icu-ect-extrakorp-1.json	2857	0	0	0	0	0	0	0	0	2	0	0	0	0	0	0	0	0	0	0	0	30	9	0	0	0	0	0	0	0
fsh-generated/resources/Procedure-mii-exa-test-data-patient-1-icu-vent-beatmung-1.json	2777	1	0	0	0	0	0	0	1	1	0	0	0	0	0	0	0	0	0	0	0	31	8	0	0	0	0	0	0	0
fsh-generated/resources/Procedure-mii-exa-test-data-patient-1-prozedur-1.json	1977	1	0	0	0	0	0	0	0	2	0	0	0	0	0	0	0	0	0	0	0	29	8	0	0	0	0	0	0	0
fsh-generated/resources/Procedure-mii-exa-test-data-patient-1-prozedur-2.json	1645	1	0	0	0	0	0	0	0	1	0	0	0	0	0	0	0	0	0	0	0	28	6	0	0	0	0	0	0	0
fsh-generated/resources/Procedure-mii-exa-test-data-patient-10-prozedur-1.json	1770	1	0	0	0	0	0	0	0	3	0	0	0	0	0	0	0	0	0	0	0	29	8	0	0	0	0	0	0	0
fsh-generated/resources/Procedure-mii-exa-test-data-patient-10-prozedur-2.json	1806	1	0	0	0	0	0	0	0	2	0	0	0	0	0	0	0	0	0	0	0	29	7	0	0	0	0	0	0	0
fsh-generated/resources/Procedure-mii-exa-test-data-patient-11-prozedur-1.json	1897	0	0	0	1	0	0	0	0	2	1	0	0	0	0	0	0	0	0	0	0	28	8	0	0	0	0	0	0	0
fsh-generated/resources/Procedure-mii-exa-test-data-patient-12-icu-beatmung-1.json	2245	1	0	0	0	0	0	0	0	2	0	0	0	0	0	0	0	0	0	0	0	28	8	0	0	0	0	0	0	0
fsh-generated/resources/Procedure-mii-exa-test-data-patient-12-prozedur-1.json	1898	1	0	0	0	0	0	0	0	3	0	0	0	0	0	0	0	0	0	0	0	29	8	0	0	0	0	0	0	0
fsh-generated/resources/Procedure-mii-exa-test-data-patient-14-onko-systemtherapie-1.json	3205	1	0	0	0	0	0	0	1	2	0	0	0	0	0	0	0	0	0	0	0	32	9	0	0	0	0	0	0	0
fsh-generated/resources/Procedure-mii-exa-test-data-patient-14-prozedur-1.json	1953	1	0	0	0	0	0	0	0	2	0	0	0	0	0	0	0	0	0	0	0	29	8	0	0	0	0	0	0	0
fsh-generated/resources/Procedure-mii-exa-test-data-patient-2-prozedur-1.json	2121	1	0	0	0	0	0	0	0	2	0	0	0	0	0	0	0	0	0	0	0	29	8	0	0	0	0	0	0	0
fsh-generated/resources/Procedure-mii-exa-test-data-patient-2-prozedur-2.json	1795	1	0	0	1	0	0	0	0	2	0	0	0	0	0	0	0	0	0	0	0	30	8	0	0	0	0	0	0	0
fsh-generated/resources/Procedure-mii-exa-test-data-patient-2-prozedur-3.json	1815	1	0	0	0	0	0	0	0	3	0	0	0	0	0	0	0	0	0	0	0	29	8	0	0	0	0	0	0	0
fsh-generated/resources/Procedure-mii-exa-test-data-patient-3-molgen-genomic-study-1.json	1449	1	0	0	0	0	0	0	0	2	0	0	0	0	0	0	0	0	0	0	0	28	8	0	0	0	0	0	0	0
fsh-generated/resources/Procedure-mii-exa-test-data-patient-3-molgen-genomic-study-analysis-1.json	4069	1	0	0	0	0	0	0	0	2	0	0	0	0	0	0	0	0	0	0	0	32	11	0	0	0	0	0	0	0
fsh-generated/resources/Procedure-mii-exa-test-data-patient-3-prozedur-1.json	1776	1	0	0	0	0	0	0	0	2	0	0	0	0	0	0	0	0	0	0	0	29	8	0	0	0	0	0	0	0
fsh-generated/resources/Procedure-mii-exa-test-data-patient-3-prozedur-2.json	1812	1	0	0	1	0	0	0	1	2	0	0	0	0	0	0	0	0	0	0	0	28	7	0	0	0	0	0	0	1
fsh-generated/resources/Procedure-mii-exa-test-data-patient-3-prozedur-3.json	1795	1	0	0	0	0	0	0	0	2	0	0	0	0	0	0	0	0	0	0	0	29	8	0	0	0	0	0	0	0
fsh-generated/resources/Procedure-mii-exa-test-data-patient-3-seltene-therapie-durchgefuehrt-1.json	961	1	0	0	0	0	0	0	0	2	0	0	0	0	0	0	0	0	0	0	0	26	4	0	0	0	0	0	0	0
fsh-generated/resources/Procedure-mii-exa-test-data-patient-3-seltene-therapie-durchgefuehrt-2.json	905	0	0	0	0	0	0	0	0	2	0	0	0	0	0	0	0	0	0	0	0	27	5	0	0	0	0	0	0	0
fsh-generated/resources/Procedure-mii-exa-test-data-patient-4-molgen-genomic-study-1.json	1449	1	0	0	0	0	0	0	0	2	0	0	0	0	0	0	0	0	0	0	0	27	8	0	0	0	0	0	0	0
fsh-generated/resources/Procedure-mii-exa-test-data-patient-4-molgen-genomic-study-analysis-1.json	5499	1	0	0	0	0	0	0	0	2	0	0	0	0	0	0	0	0	0	0	0	32	9	0	0	0	0	0	0	0
fsh-generated/resources/Procedure-mii-exa-test-data-patient-4-prozedur-1.json	1750	1	0	0	1	0	0	0	0	2	0	0	0	0	0	0	0	0	0	0	0	27	7	0	0	0	0	0	0	0
fsh-generated/resources/Procedure-mii-exa-test-data-patient-4-prozedur-2.json	1803	1	0	0	0	0	0	0	0	2	0	0	0	0	0	0	0	0	0	0	0	30	8	0	0	0	0	0	0	0
fsh-generated/resources/Procedure-mii-exa-test-data-patient-5-prozedur-1.json	1754	1	0	0	0	0	0	0	1	3	0	0	0	0	0	0	0	0	0	0	0	29	8	0	0	0	0	0	0	0
fsh-generated/resources/Procedure-mii-exa-test-data-patient-5-prozedur-2.json	1803	1	0	0	0	0	0	0	0	2	0	0	0	0	0	0	0	0	0	0	0	28	7	0	0	0	0	0	0	0
fsh-generated/resources/Procedure-mii-exa-test-data-patient-6-prozedur-1.json	1775	1	0	0	0	0	0	0	0	2	0	0	0	0	0	0	0	0	0	0	0	32	8	0	0	0	0	0	0	0
fsh-generated/resources/Procedure-mii-exa-test-data-patient-6-prozedur-2.json	1760	1	0	0	1	0	0	0	0	2	0	0	0	0	0	0	0	0	0	0	0	30	7	0	0	0	0	0	0	0
fsh-generated/resources/Procedure-mii-exa-test-data-patient-7-prozedur-1.json	1754	1	0	0	0	0	0	0	0	2	0	0	0	0	0	0	0	0	0	0	0	29	8	0	0	0	0	0	0	0
fsh-generated/resources/Procedure-mii-exa-test-data-patient-7-prozedur-2.json	1818	1	0	0	0	0	0	0	0	2	0	0	0	0	0	0	0	0	0	0	0	29	7	0	0	0	0	0	0	0
fsh-generated/resources/Procedure-mii-exa-test-data-patient-8-prozedur-1.json	1745	1	0	0	0	0	0	0	0	2	0	0	0	0	0	0	0	0	0	0	0	29	8	0	0	0	0	0	0	0
fsh-generated/resources/Procedure-mii-exa-test-data-patient-8-prozedur-2.json	1799	1	0	0	0	0	0	0	0	2	0	0	0	0	0	0	0	0	0	0	0	29	7	0	0	0	0	0	0	0
fsh-generated/resources/Procedure-mii-exa-test-data-patient-8-prozedur-3.json	1808	2	0	0	1	0	0	0	1	3	0	0	0	0	0	0	0	0	0	0	0	30	8	0	0	0	0	0	0	0
fsh-generated/resources/Procedure-mii-exa-test-data-patient-9-prozedur-1.json	1742	1	0	0	0	0	0	0	0	2	0	0	0	0	0	0	0	0	0	0	0	29	8	0	0	0	0	0	0	0
fsh-generated/resources/Procedure-mii-exa-test-data-patient-9-prozedur-2.json	1812	1	0	0	0	0	0	0	0	2	0	0	0	0	0	0	0	0	0	0	0	30	7	0	0	0	0	0	0	0
fsh-generated/resources/Provenance-mii-exa-test-data-patient-1-consent-provenance-1.json	2202	1	0	0	0	0	0	0	0	2	0	0	0	0	0	0	0	0	0	0	0	28	8	0	0	0	0	0	0	0
fsh-generated/resources/Questionnaire-mii-exa-test-data-pro-questionnaire-schmerz-zusatz.json	1743	1	0	0	0	0	0	0	0	8	0	0	0	0	0	0	0	0	0	0	0	44	25	0	0	0	0	1	0	0
fsh-generated/resources/QuestionnaireResponse-mii-exa-test-data-patient-1-consent-qr-1.json	828	1	0	0	1	0	0	0	0	2	0	0	0	0	0	0	0	0	0	0	0	34	8	0	0	0	0	0	0	0
fsh-generated/resources/QuestionnaireResponse-mii-exa-test-data-patient-1-pro-phq15-response.json	6002	1	0	0	0	0	0	0	1	4	0	0	0	0	0	0	0	0	0	0	0	65	11	0	0	0	0	0	0	0
fsh-generated/resources/QuestionnaireResponse-mii-exa-test-data-patient-1-pro-phq9-response.json	3342	1	0	0	0	0	0	0	0	2	0	0	0	0	0	0	0	0	0	0	0	51	9	0	0	0	0	0	0	0
fsh-generated/resources/QuestionnaireResponse-mii-exa-test-data-patient-1-pro-promis-dep-sf4a-response.json	2058	0	0	0	0	0	0	0	0	3	0	0	0	0	0	0	0	0	0	0	0	43	8	0	0	0	0	0	0	0
fsh-generated/resources/QuestionnaireResponse-mii-exa-test-data-patient-1-pro-promis29-response.json	5082	1	0	0	0	0	0	0	1	2	0	0	0	0	0	0	0	0	0	0	0	44	10	0	0	0	0	0	0	0
fsh-generated/resources/QuestionnaireResponse-mii-exa-test-data-patient-1-pro-schmerz-zusatz-response.json	2152	1	0	0	0	0	0	0	0	2	0	0	0	0	0	0	0	0	0	0	0	38	11	1	0	0	0	0	0	0
fsh-generated/resources/QuestionnaireResponse-mii-exa-test-data-patient-1-pro-whodas12-response.json	4925	1	0	0	0	0	0	0	0	3	0	0	0	0	0	0	0	0	0	0	0	59	12	0	0	0	0	0	0	0
fsh-generated/resources/QuestionnaireResponse-mii-exa-test-data-patient-11-pro-eq5d5l-qr-t0.json	3159	1	0	0	1	0	0	0	0	3	0	0	0	0	0	0	0	0	0	0	0	48	11	0	0	0	0	0	0	1
fsh-generated/resources/QuestionnaireResponse-mii-exa-test-data-patient-11-pro-eq5d5l-qr-t3.json	3156	1	0	0	0	0	0	0	0	2	0	0	0	0	0	0	0	0	0	0	0	48	13	0	0	0	0	0	0	0
fsh-generated/resources/QuestionnaireResponse-mii-exa-test-data-patient-11-pro-eq5d5l-qr-t6.json	3150	1	0	0	0	0	0	0	1	2	0	0	0	0	0	0	0	0	0	0	0	49	11	0	0	0	0	0	0	0
fsh-generated/resources/QuestionnaireResponse-mii-exa-test-data-patient-11-pro-phq9-qr-t0.json	3447	1	0	0	0	0	0	0	0	3	0	0	0	0	0	0	0	0	0	0	0	50	10	0	0	0	0	0	0	0
fsh-generated/resources/QuestionnaireResponse-mii-exa-test-data-patient-11-pro-phq9-qr-t6.json	3438	1	0	0	0	0	0	0	0	2	0	0	0	0	0	0	0	0	0	0	0	51	11	0	0	0	0	0	0	0
fsh-generated/resources/QuestionnaireResponse-mii-exa-test-data-symptom-questionnaireresponse-1.json	719	1	0	0	0	0	0	0	0	8	0	0	0	0	0	0	0	0	0	0	0	35	6	0	0	0	0	0	0	0
fsh-generated/resources/RelatedPerson-mii-exa-test-data-patho-relatedperson-kontrollspender-1.json	663	1	0	0	1	0	0	0	0	4	0	0	0	0	0	0	0	0	0	0	0	28	4	0	0	0	0	0	0	0
fsh-generated/resources/RequestGroup-mii-exa-test-data-mtb-therapieempfehlung-kombination-1.json	2684	1	0	0	0	0	0	0	0	3	0	0	0	0	0	0	0	0	0	0	0	32	57	0	0	0	0	0	0	0
fsh-generated/resources/RequestGroup-mii-exa-test-data-onko-therapieempfehlung-kombi-1.json	1998	1	0	0	0	0	0	0	0	2	0	0	0	0	0	0	0	0	0	0	0	31	61	0	0	0	0	0	0	0
fsh-generated/resources/RequestGroup-mii-exa-test-data-onko-therapieempfehlung-parp-1.json	1335	0	0	0	0	0	0	0	1	3	0	0	0	0	0	0	0	0	0	0	0	29	52	0	0	0	0	0	0	0
fsh-generated/resources/RequestGroup-mii-exa-test-data-patient-3-seltene-therapie-kombination-1.json	1754	1	0	0	0	0	0	0	0	1	0	0	0	0	0	0	0	0	0	0	0	30	55	0	0	0	0	0	0	0
fsh-generated/resources/ResearchStudy-mii-exa-test-data-mtb-studie-1.json	4502	1	0	0	0	0	0	0	0	2	0	0	0	0	0	0	0	0	0	0	0	34	61	0	0	0	0	0	0	0
fsh-generated/resources/ResearchStudy-mii-exa-test-data-mtb-studie-2.json	388	1	0	0	1	0	0	0	0	1	0	0	0	0	0	0	0	0	0	0	0	27	45	0	0	0	0	0	0	0
fsh-generated/resources/ResearchStudy-mii-exa-test-data-patient-11-studie-1.json	4618	1	0	0	0	0	0	0	0	1	0	0	0	0	0	0	0	0	0	0	0	33	60	0	0	0	0	0	0	0
fsh-generated/resources/ResearchStudy-mii-exa-test-data-patient-13-register-study.json	688	1	0	0	0	0	0	0	0	2	0	0	0	0	0	0	0	1	0	0	0	25	45	0	0	0	0	0	0	0
fsh-generated/resources/ResearchStudy-mii-exa-test-data-seltene-register-study-1.json	708	0	0	0	0	0	0	0	0	1	0	0	0	0	0	0	0	0	0	0	0	27	44	0	0	0	0	0	0	0
fsh-generated/resources/ResearchStudy-mii-exa-test-data-studien-studie-1.json	4854	1	0	0	0	0	0	0	1	1	0	0	0	0	0	0	0	0	0	0	0	31	61	0	0	0	0	0	0	0
fsh-generated/resources/ResearchSubject-mii-exa-test-data-patient-11-proband-1.json	1178	1	0	0	0	0	0	0	0	2	0	0	0	0	0	0	0	0	0	0	0	27	56	0	0	0	0	0	0	0
fsh-generated/resources/ResearchSubject-mii-exa-test-data-patient-13-registerteilnahme.json	1247	1	0	0	0	0	0	0	0	1	0	0	0	0	0	0	0	0	0	0	0	28	58	0	0	0	0	0	0	0
fsh-generated/resources/ResearchSubject-mii-exa-test-data-patient-3-seltene-registerteilnahme-1.json	1251	1	0	0	0	0	0	0	0	1	0	0	0	0	0	0	0	0	0	0	0	28	54	0	0	0	0	0	0	0
fsh-generated/resources/ResearchSubject-mii-exa-test-data-studien-proband-1.json	1164	0	0	0	1	0	0	0	0	2	0	0	0	0	0	0	0	0	0	0	0	27	55	0	0	0	0	0	0	0
fsh-generated/resources/RiskAssessment-mii-exa-test-data-patient-3-molgen-polygener-risiko-score-1.json	2721	1	0	0	0	0	0	0	0	1	0	0	0	0	0	0	0	0	0	0	0	29	12	0	0	0	0	0	0	0
fsh-generated/resources/ServiceRequest-mii-exa-test-data-anforderung.json	1650	1	0	0	0	0	0	0	0	2	0	0	0	0	0	0	0	0	0	0	0	28	10	0	0	0	0	0	0	0
fsh-generated/resources/ServiceRequest-mii-exa-test-data-icu-servicerequest-monitoring-1.json	1373	1	0	0	0	0	0	0	0	1	0	0	0	0	0	0	0	0	0	0	0	27	7	0	0	0	0	0	0	0
fsh-generated/resources/ServiceRequest-mii-exa-test-data-mikrobio-servicerequest-1.json	928	0	0	0	0	0	0	0	0	1	0	0	0	0	0	0	0	0	1	0	0	26	6	0	0	0	1	0	0	0
fsh-generated/resources/ServiceRequest-mii-exa-test-data-mtb-biopsie-auftrag-1.json	982	1	0	0	0	0	0	0	0	2	0	0	0	0	0	0	0	0	0	0	0	27	7	0	0	0	0	0	0	0
fsh-generated/resources/ServiceRequest-mii-exa-test-data-mtb-histologie-evaluation-1.json	1016	1	0	0	0	0	0	0	0	2	0	0	0	0	0	0	0	0	0	0	0	27	7	0	0	0	0	0	0	0
fsh-generated/resources/ServiceRequest-mii-exa-test-data-mtb-humangenetische-beratung-1.json	1155	1	0	0	1	0	0	0	0	2	0	0	0	0	0	0	0	0	0	0	0	26	6	0	0	0	0	0	0	0
fsh-generated/resources/ServiceRequest-mii-exa-test-data-mtb-studieneinschluss-anfrage-1.json	1699	1	0	0	0	0	0	0	1	1	0	0	0	0	0	0	0	0	0	0	0	29	7	0	0	0	0	0	0	0
fsh-generated/resources/ServiceRequest-mii-exa-test-data-mtb-studieneinschluss-anfrage-2.json	1902	1	0	0	0	0	0	0	0	2	0	0	0	0	0	0	0	0	0	0	0	29	7	0	0	0	0	0	0	1
fsh-generated/resources/ServiceRequest-mii-exa-test-data-onko-therapieempfehlung-op-1.json	1599	1	0	0	0	0	0	0	0	1	0	0	0	0	0	0	0	0	0	0	0	29	10	0	0	0	0	0	0	0
fsh-generated/resources/ServiceRequest-mii-exa-test-data-patho-request-1.json	3130	1	0	0	0	0	0	0	0	2	0	0	0	0	0	0	0	0	0	0	0	33	17	0	0	0	0	0	0	0
fsh-generated/resources/ServiceRequest-mii-exa-test-data-patient-1-labrequest-1.json	2234	1	0	0	1	0	0	0	0	2	0	0	0	0	0	0	0	0	0	0	0	28	8	0	0	0	0	0	0	0
fsh-generated/resources/ServiceRequest-mii-exa-test-data-patient-10-labrequest-1.json	1919	1	0	0	0	0	0	0	0	1	0	0	0	0	0	0	0	0	0	0	0	29	8	0	0	0	0	0	0	0
fsh-generated/resources/ServiceRequest-mii-exa-test-data-patient-11-labrequest-1.json	1868	1	0	0	0	0	0	0	0	2	0	0	0	0	0	0	0	0	0	0	0	28	7	0	0	0	0	0	0	0
fsh-generated/resources/ServiceRequest-mii-exa-test-data-patient-11-studien-anfrage-1.json	1663	0	0	0	0	0	0	0	0	1	0	0	0	0	0	0	0	0	0	0	0	29	11	0	0	0	0	0	0	0
fsh-generated/resources/ServiceRequest-mii-exa-test-data-patient-12-labrequest-1.json	1854	1	0	0	0	0	0	0	1	2	0	0	0	0	0	0	0	0	0	0	0	29	8	0	0	0	0	0	0	0
fsh-generated/resources/ServiceRequest-mii-exa-test-data-patient-12-mibi-anforderung-1.json	1985	1	0	0	0	0	0	0	0	1	0	0	0	0	0	0	0	0	0	0	0	29	9	0	0	0	0	0	0	0
fsh-generated/resources/ServiceRequest-mii-exa-test-data-patient-13-labrequest-1.json	1815	1	0	0	0	0	0	0	0	2	0	0	0	0	0	0	0	0	0	0	0	28	7	0	0	0	0	0	0	0
fsh-generated/resources/ServiceRequest-mii-exa-test-data-patient-2-labrequest-1.json	1930	1	0	0	1	0	0	0	0	2	0	0	0	0	0	0	0	0	0	0	0	29	7	0	0	0	0	0	0	0
fsh-generated/resources/ServiceRequest-mii-exa-test-data-patient-3-labrequest-1.json	1850	1	0	0	0	0	0	0	0	2	0	0	0	0	0	0	0	0	0	0	0	28	8	0	0	0	0	0	0	0
fsh-generated/resources/ServiceRequest-mii-exa-test-data-patient-3-molgen-anforderung-1.json	2206	1	0	0	0	0	0	0	0	2	0	0	0	0	0	0	0	0	0	0	0	29	11	0	0	0	0	0	0	0
fsh-generated/resources/ServiceRequest-mii-exa-test-data-patient-3-molgen-anforderung-2.json	2332	1	0	0	0	0	0	0	0	1	0	0	0	0	0	0	0	0	0	0	0	29	10	0	0	0	0	0	0	0
fsh-generated/resources/ServiceRequest-mii-exa-test-data-patient-3-molgen-anforderung-3.json	1835	0	0	0	0	0	0	0	0	2	0	0	0	0	0	0	0	0	0	0	0	29	7	0	0	0	0	0	0	0
fsh-generated/resources/ServiceRequest-mii-exa-test-data-patient-3-seltene-studieneinschluss-1.json	2221	1	0	0	1	0	0	0	1	1	0	0	0	0	0	0	0	0	0	0	0	30	9	0	0	0	0	0	0	0
fsh-generated/resources/ServiceRequest-mii-exa-test-data-patient-3-seltene-therapie-nicht-med-1.json	3269	1	0	0	0	0	0	0	0	2	0	0	0	0	0	0	0	0	0	0	0	32	18	0	0	0	0	0	0	0
fsh-generated/resources/ServiceRequest-mii-exa-test-data-patient-4-labrequest-1.json	1934	1	0	0	0	0	0	0	0	1	0	0	0	0	0	0	0	0	0	0	0	29	10	0	0	0	0	0	0	0
fsh-generated/resources/ServiceRequest-mii-exa-test-data-patient-4-molgen-anforderung-1.json	2367	1	0	0	0	0	0	0	0	2	0	0	0	0	0	0	0	0	0	0	0	30	12	0	0	0	0	0	0	0
fsh-generated/resources/ServiceRequest-mii-exa-test-data-patient-5-labrequest-1.json	1850	1	0	0	0	0	0	0	0	1	0	0	0	0	0	0	0	0	0	0	0	29	7	0	0	0	0	0	0	0
fsh-generated/resources/ServiceRequest-mii-exa-test-data-patient-6-labrequest-1.json	1841	1	0	0	0	0	0	0	0	2	0	0	0	0	0	0	0	0	0	0	0	28	8	0	0	0	0	0	0	0
fsh-generated/resources/ServiceRequest-mii-exa-test-data-patient-7-labrequest-1.json	1849	1	0	0	1	0	0	0	0	1	0	0	0	0	0	0	0	0	0	0	0	30	7	0	0	0	0	0	0	0
fsh-generated/resources/ServiceRequest-mii-exa-test-data-patient-8-labrequest-1.json	1854	1	0	0	0	0	0	0	0	2	0	0	0	0	0	0	0	0	0	0	0	30	8	0	0	0	0	0	0	0
fsh-generated/resources/ServiceRequest-mii-exa-test-data-patient-9-labrequest-1.json	1857	1	0	0	0	0	0	0	1	1	0	0	0	0	0	0	0	0	0	0	0	30	8	0	0	0	0	0	0	0
fsh-generated/resources/ServiceRequest-mii-exa-test-data-studie-einschluss-anfrage-1.json	1745	1	0	0	0	0	0	0	0	2	0	0	0	0	0	0	0	0	0	0	0	35	11	0	0	0	0	0	0	0
fsh-generated/resources/Specimen-mii-exa-test-data-biobank-organoid-1.json	8863	1	0	0	0	0	0	0	0	3	0	0	0	0	0	0	0	0	0	0	0	41	18	0	0	0	0	0	0	0
fsh-generated/resources/Specimen-mii-exa-test-data-biobank-specimen-dna-1.json	3681	1	0	0	0	0	0	0	0	2	0	0	0	0	0	0	0	0	0	0	0	34	9	0	0	0	0	0	0	0
fsh-generated/resources/Specimen-mii-exa-test-data-biobank-specimen-inkubator-abstrich-1.json	3576	1	0	0	0	0	0	0	1	2	0	0	0	0	0	0	0	0	0	0	0	34	7	0	0	0	0	0	0	0
fsh-generated/resources/Specimen-mii-exa-test-data-biobank-specimen-zellkultur-1.json	4909	1	0	1	0	0	0	0	0	2	0	0	0	0	0	0	0	0	0	0	0	35	12	0	0	0	0	0	0	0
fsh-generated/resources/Specimen-mii-exa-test-data-mikrobio-probe-1.json	4060	0	0	0	0	0	0	0	0	2	0	0	0	0	0	0	0	0	0	0	0	33	8	0	0	0	0	0	0	0
fsh-generated/resources/Specimen-mii-exa-test-data-mikrobio-probe-2.json	4261	1	0	0	1	0	0	0	0	2	0	0	0	0	0	0	0	0	0	0	0	32	7	0	0	0	0	0	0	0
fsh-generated/resources/Specimen-mii-exa-test-data-mikrobio-specimen-1.json	1039	1	0	0	0	0	0	0	1	2	0	0	0	0	0	0	0	0	0	0	0	27	5	0	0	0	0	0	0	0
fsh-generated/resources/Specimen-mii-exa-test-data-mikrobio-specimen-2.json	818	0	0	0	0	0	0	0	0	2	0	0	0	0	0	0	0	0	0	0	0	26	5	0	0	0	0	0	0	0
fsh-generated/resources/Specimen-mii-exa-test-data-molgen-specimen-1.json	676	1	0	0	0	0	0	0	0	2	0	0	0	0	0	0	0	0	0	0	0	26	4	0	0	0	0	0	0	0
fsh-generated/resources/Specimen-mii-exa-test-data-molgen-specimen-2.json	672	1	0	0	0	0	0	0	0	2	0	0	0	0	0	0	0	0	0	0	0	26	5	0	0	0	0	0	0	0
fsh-generated/resources/Specimen-mii-exa-test-data-molgen-specimen-3.json	676	0	0	0	0	0	0	0	0	2	0	0	0	0	0	0	0	0	0	0	0	26	5	0	0	0	0	0	0	0
fsh-generated/resources/Specimen-mii-exa-test-data-mtb-specimen-1.json	666	1	0	0	0	0	0	0	0	1	0	0	0	0	0	0	0	0	0	0	0	26	4	0	0	0	0	0	0	0
fsh-generated/resources/Specimen-mii-exa-test-data-onko-krk-specimen-1.json	1337	1	0	0	0	0	0	0	0	2	0	0	0	0	0	0	0	0	0	0	0	27	6	0	0	0	0	0	0	0
fsh-generated/resources/Specimen-mii-exa-test-data-onko-specimen-1.json	988	0	0	0	0	0	0	0	0	1	0	0	0	0	0	0	0	0	0	0	0	26	4	0	0	0	0	0	0	0
fsh-generated/resources/Specimen-mii-exa-test-data-patho-specimen-01-block.json	2991	1	0	0	0	0	0	0	0	2	0	0	0	0	0	0	0	0	0	0	0	31	7	0	0	0	0	0	0	0
fsh-generated/resources/Specimen-mii-exa-test-data-patho-specimen-01-part.json	6183	2	0	0	1	0	0	0	0	0	0	0	0	0	0	0	0	0	0	0	0	29	12	0	0	0	0	0	0	1
fsh-generated/resources/Specimen-mii-exa-test-data-patho-specimen-01-slide.json	3791	1	0	0	0	0	0	0	1	3	0	0	0	0	0	0	0	0	0	0	0	30	6	0	0	0	0	0	0	0
fsh-generated/resources/Specimen-mii-exa-test-data-patho-specimen-03-block.json	2991	1	0	0	0	0	0	0	0	2	0	0	0	0	0	0	0	0	0	0	0	30	7	0	0	0	0	0	0	0
fsh-generated/resources/Specimen-mii-exa-test-data-patho-specimen-03-part.json	3458	1	0	0	0	0	0	0	0	1	0	0	0	0	0	0	0	0	0	0	0	32	8	0	0	0	0	0	0	0
fsh-generated/resources/Specimen-mii-exa-test-data-patho-specimen-03-slide.json	3791	0	0	0	0	0	0	0	0	2	0	0	0	0	0	0	0	0	0	0	0	30	7	0	0	0	0	0	0	0
fsh-generated/resources/Specimen-mii-exa-test-data-patho-specimen-p63-kontrolle.json	2654	1	0	0	0	0	0	0	0	2	0	0	0	0	0	0	0	0	0	0	0	29	7	0	0	0	0	0	0	0
fsh-generated/resources/Specimen-mii-exa-test-data-patient-1-icu-spec-blut-1.json	864	1	0	0	0	0	0	0	1	2	0	0	0	0	0	0	0	0	0	0	0	25	5	0	0	0	0	0	0	0
fsh-generated/resources/Specimen-mii-exa-test-data-patient-1-icu-spec-drainagesekret-1.json	893	0	0	0	0	0	0	0	0	1	0	0	0	0	0	0	0	0	0	0	0	27	5	0	0	0	0	0	0	0
fsh-generated/resources/Specimen-mii-exa-test-data-patient-1-icu-spec-galle-1.json	1055	1	0	0	0	0	0	0	0	2	0	0	0	0	0	0	0	0	0	0	0	27	5	0	0	0	0	0	0	0
fsh-generated/resources/Specimen-mii-exa-test-data-patient-1-icu-spec-haemofiltrat-1.json	884	1	0	0	1	0	0	0	0	2	0	0	0	0	0	0	0	0	0	0	0	27	5	0	0	0	0	0	0	0
fsh-generated/resources/Specimen-mii-exa-test-data-patient-1-icu-spec-koerperfluessigkeit-1.json	892	1	0	0	0	0	0	0	0	2	0	0	0	0	0	0	0	0	0	0	0	27	5	0	0	0	0	0	0	0
fsh-generated/resources/Specimen-mii-exa-test-data-patient-1-icu-spec-magensaft-1.json	1070	0	0	0	0	0	0	0	0	2	0	0	0	0	0	0	0	0	0	0	0	27	4	0	0	0	0	0	0	0
fsh-generated/resources/Specimen-mii-exa-test-data-patient-1-icu-spec-muttermilch-1.json	807	1	0	0	0	0	0	0	0	1	0	0	0	0	0	0	0	0	0	0	0	25	3	0	0	0	0	0	0	0
fsh-generated/resources/Specimen-mii-exa-test-data-patient-1-icu-spec-muttermilch-abgep-1.json	827	1	0	0	0	0	0	0	0	1	0	0	0	0	0	0	0	0	0	0	0	26	4	0	0	0	0	0	0	0
fsh-generated/resources/Specimen-mii-exa-test-data-patient-1-icu-spec-pankreassekret-1.json	1086	0	0	0	0	0	0	0	0	1	0	0	0	0	0	0	0	0	0	0	0	27	4	0	0	0	0	0	0	0
fsh-generated/resources/Specimen-mii-exa-test-data-patient-1-icu-spec-saeuglingsnahrung-1.json	816	1	0	0	0	0	0	0	0	2	0	0	0	0	0	0	0	0	0	0	0	27	3	0	0	0	0	0	0	0
fsh-generated/resources/Specimen-mii-exa-test-data-patient-1-icu-spec-sondennahrung-1.json	802	1	0	0	0	0	0	0	0	1	0	0	0	0	0	0	0	0	0	0	0	25	3	0	0	0	0	0	0	0
fsh-generated/resources/Specimen-mii-exa-test-data-patient-1-icu-spec-spendermilch-1.json	800	1	0	0	1	0	0	0	0	2	0	0	0	0	0	0	0	0	0	0	0	26	3	0	0	0	0	0	0	0
fsh-generated/resources/Specimen-mii-exa-test-data-patient-1-icu-spec-stuhl-1.json	1053	0	0	0	0	0	0	0	0	1	0	0	0	0	0	0	0	0	0	0	0	26	6	0	0	0	0	0	0	0
fsh-generated/resources/Specimen-mii-exa-test-data-patient-1-icu-spec-trinkwasser-1.json	799	1	0	0	0	0	0	0	0	2	0	0	0	0	0	0	0	0	0	0	0	26	3	0	0	0	0	0	0	0
fsh-generated/resources/Specimen-mii-exa-test-data-patient-1-icu-spec-urin-1.json	1060	1	0	0	0	0	0	0	0	2	0	0	0	0	0	0	0	0	0	0	0	26	5	0	0	0	0	0	0	0
fsh-generated/resources/Specimen-mii-exa-test-data-patient-1-icu-spec-wundsekret-1.json	1091	1	0	0	0	0	0	0	1	2	0	0	0	0	0	0	0	0	0	0	0	26	4	0	0	0	0	0	0	0
fsh-generated/resources/Specimen-mii-exa-test-data-patient-1-specimen-1.json	4977	1	0	0	0	0	0	0	0	3	0	0	0	0	0	0	0	0	0	0	0	33	12	0	0	0	0	0	0	0
fsh-generated/resources/Specimen-mii-exa-test-data-patient-10-specimen-1.json	2215	1	0	0	0	0	0	0	0	2	0	0	0	0	0	0	0	0	0	0	0	28	7	0	0	0	0	0	0	0
fsh-generated/resources/Specimen-mii-exa-test-data-patient-10-specimen-2.json	2199	1	0	0	0	0	0	0	0	2	0	0	0	0	0	0	0	0	0	0	0	28	8	0	0	0	0	0	0	0
fsh-generated/resources/Specimen-mii-exa-test-data-patient-12-mibi-specimen-bk.json	2462	1	0	0	1	0	0	0	0	1	0	0	0	0	0	0	0	0	0	0	0	28	7	0	0	0	0	0	0	0
fsh-generated/resources/Specimen-mii-exa-test-data-patient-12-mibi-specimen-ts.json	2566	0	0	0	0	0	0	0	0	3	0	0	0	0	0	0	0	0	0	0	0	29	6	0	0	0	0	0	0	0
fsh-generated/resources/Specimen-mii-exa-test-data-patient-14-onko-specimen-1.json	1023	1	0	0	0	0	0	0	0	1	0	0	0	0	0	0	0	0	0	0	0	27	5	0	0	0	0	0	0	0
fsh-generated/resources/Specimen-mii-exa-test-data-patient-2-specimen-1.json	2214	1	0	0	0	0	0	0	1	2	0	0	0	0	0	0	0	0	0	0	0	28	8	0	0	0	0	0	0	0
fsh-generated/resources/Specimen-mii-exa-test-data-patient-3-specimen-1.json	2064	1	0	0	0	0	0	0	0	2	0	0	0	0	0	0	0	0	0	0	0	31	5	0	0	0	0	0	0	0
fsh-generated/resources/Specimen-mii-exa-test-data-patient-3-specimen-2.json	2297	1	0	0	0	0	0	0	0	3	0	0	0	0	0	0	0	0	0	0	0	32	9	0	0	0	0	0	0	0
fsh-generated/resources/Specimen-mii-exa-test-data-patient-3-specimen-3.json	2215	1	0	0	1	0	0	0	0	2	0	0	0	0	0	0	0	0	0	0	0	31	8	0	0	0	0	0	0	0
fsh-generated/resources/Specimen-mii-exa-test-data-patient-4-specimen-1.json	1513	1	0	0	0	0	0	0	0	2	0	0	0	0	0	0	0	0	0	0	0	28	5	0	0	0	0	0	0	0
fsh-generated/resources/Specimen-mii-exa-test-data-patient-4-specimen-2.json	1513	1	0	0	0	0	0	0	0	2	0	0	0	0	0	0	0	0	0	0	0	28	5	0	0	0	0	0	0	0
fsh-generated/resources/Specimen-mii-exa-test-data-patient-4-specimen-3.json	2197	1	0	0	0	0	0	0	0	3	0	0	0	0	0	0	0	0	0	0	0	29	8	0	0	0	0	0	0	0
fsh-generated/resources/Specimen-mii-exa-test-data-patient-4-specimen-4.json	2215	1	0	0	0	0	0	0	0	2	0	0	0	0	0	0	0	0	0	0	0	31	8	0	0	0	0	0	0	0
fsh-generated/resources/Specimen-mii-exa-test-data-patient-5-specimen-1.json	2214	1	0	0	1	0	0	0	1	2	0	0	0	0	0	0	0	1	0	0	0	29	7	0	0	0	0	0	0	0
fsh-generated/resources/Specimen-mii-exa-test-data-patient-5-specimen-2.json	2448	1	0	0	0	0	0	0	0	3	0	0	0	0	0	0	0	0	0	0	0	30	8	0	0	0	0	0	0	0
fsh-generated/resources/Specimen-mii-exa-test-data-patient-6-specimen-1.json	2214	1	0	0	0	0	0	0	0	2	0	0	0	0	0	0	0	0	0	0	0	29	8	0	0	0	0	0	0	0
fsh-generated/resources/Specimen-mii-exa-test-data-patient-6-specimen-2.json	2198	1	0	0	0	0	0	0	0	2	0	0	0	0	0	0	0	0	0	0	0	29	8	0	0	0	0	0	0	0
fsh-generated/resources/Specimen-mii-exa-test-data-patient-7-specimen-1.json	2214	1	0	0	0	0	0	0	0	3	0	0	0	0	0	0	0	0	0	0	0	28	7	0	0	0	0	0	0	0
fsh-generated/resources/Specimen-mii-exa-test-data-patient-7-specimen-2.json	2198	1	0	0	1	0	0	0	0	2	0	0	0	0	0	0	0	0	0	0	0	29	8	0	0	0	0	0	0	1
fsh-generated/resources/Specimen-mii-exa-test-data-patient-8-specimen-1.json	2214	1	0	0	0	0	0	0	0	2	0	0	0	0	0	0	0	0	0	0	0	28	8	0	0	0	0	0	0	0
fsh-generated/resources/Specimen-mii-exa-test-data-patient-8-specimen-2.json	2198	1	0	0	0	0	0	0	1	3	0	0	0	0	0	0	0	0	0	0	0	28	10	0	0	0	0	0	0	0
fsh-generated/resources/Specimen-mii-exa-test-data-patient-9-specimen-1.json	2214	1	0	0	0	0	0	0	0	2	0	0	0	0	0	0	0	0	0	0	0	29	10	0	0	0	0	0	0	0
fsh-generated/resources/Specimen-mii-exa-test-data-patient-9-specimen-2.json	2198	1	0	0	0	0	0	0	0	2	0	0	0	0	0	0	0	0	0	0	0	29	7	0	0	0	0	0	0	0
fsh-generated/resources/Specimen-mii-exa-test-data-symptom-specimen-1.json	1073	1	0	0	1	0	0	0	0	2	0	0	0	0	0	0	0	0	0	0	0	28	5	0	0	0	0	0	0	0
fsh-generated/resources/Substance-mii-exa-test-data-biobank-substance-kulturmedium-1.json	929	1	0	0	0	0	0	0	0	2	0	0	0	0	0	0	0	0	0	0	0	27	3	0	0	0	0	0	0	0
fsh-generated/resources/Substance-mii-exa-test-data-patho-substance-formalin-1.json	549	0	0	0	0	0	0	0	0	2	0	0	0	0	0	0	0	0	0	0	0	26	3	0	0	0	0	0	0	0
fsh-generated/resources/Substance-mii-exa-test-data-patient-1-substance-1.json	1455	1	0	0	0	0	0	0	0	2	0	0	0	0	0	0	0	0	0	0	0	28	4	0	0	0	0	0	0	0
fsh-generated/resources/Task-mii-exa-test-data-patient-3-molgen-folgemassnahme-1.json	1480	1	0	0	0	0	0	0	0	3	0	0	0	0	0	0	0	0	0	0	0	30	9	0	0	0	0	0	0	0
fsh-generated/resources/Task-mii-exa-test-data-patient-3-molgen-medikationsempfehlung-1.json	1468	1	0	0	0	0	0	0	0	2	0	0	0	0	0	0	0	0	0	0	0	29	8	0	0	0	0	0	0	0
input/predefined-resources/Observation-mii-exa-test-data-patient-1-labobs-7.json	2073	1	0	0	0	0	0	0	0	1	0	0	0	0	0	0	0	0	0	0	0	68	8	0	0	0	0	0	0	0
/input/includes/testabdeckung-status.md	2076	-	-	-	0	0	0	0	0	0	0	0	0	0	0	0	0	0	0	0	0	0	1	0	0	0	0	0	0	0
/input/includes/ms-luecken.html	28145	-	-	-	0	0	0	0	0	0	0	0	0	0	0	0	0	0	0	0	0	0	2	0	0	0	0	0	0	0
/fsh-generated/includes/fsh-link-references.md	149583	-	-	-	0	0	0	0	0	0	0	0	0	0	0	0	0	0	0	0	0	0	5	0	0	0	0	0	0	0
/fsh-generated/includes/menu.xml	1223	-	-	-	0	0	0	0	0	0	0	0	0	0	0	0	0	0	0	0	0	0	1	0	0	0	0	0	0	0
/input/pagecontent/usage.md	5116	-	-	-	0	0	0	0	0	0	0	0	0	0	0	0	0	0	0	0	0	0	0	0	0	0	0	0	0	0
/input/pagecontent/test-coverage.md	6783	-	-	-	0	0	0	0	0	0	0	0	0	0	0	0	0	0	0	0	0	0	0	0	0	0	0	0	0	0
/input/pagecontent/index.md	4683	-	-	-	0	0	0	0	0	0	0	0	0	0	0	0	0	0	0	0	0	0	0	0	0	0	0	0	0	0
/input/pagecontent/known-issues.md	14655	-	-	-	0	0	0	0	0	0	0	0	0	0	0	0	0	0	0	0	0	0	1	0	0	0	0	0	0	0
/input/pagecontent/cross-module-patients.md	13145	-	-	-	0	0	0	0	0	0	0	0	0	0	0	0	0	0	0	0	0	0	0	0	0	0	0	0	0	0
/template/config	0	-	-	-	0	0	0	0	0	0	0	0	0	0	0	0	0	0	0	0	0	0	0	0	0	0	0	0	0	0
/template/config/_config.yml	140	-	-	-	0	0	0	0	0	0	0	0	0	0	0	0	0	0	0	0	0	0	0	0	0	0	0	0	0	0
/temp/pages/_includes/artifacts.xml	863835	-	-	-	-	-	-	-	-	-	-	-	-	-	-	-	-	-	-	-	-	-	15	0	0	0	0	0	0	0
